scrape_id,barcode,competitor_channel,competitor_product_name,listed_price,discounted_price,voucher_text,timestamp
SCRAPE-0001,8518348558221,GrabMart,Mặt nạ CeraVe 200g Chính hãng,458000,344000,,2026-06-29 21:47:44
SCRAPE-0002,8518348558221,GrabMart,Mặt nạ CeraVe 200g Date mới,582000,478000,,2026-07-02 05:07:27
SCRAPE-0003,8518348558221,Lazada,Mặt nạ CeraVe 200g Date mới,500000,447000,Giảm 50K đơn 300K,2026-07-04 17:58:35
SCRAPE-0004,8518348558221,Lazada,Mặt nạ CeraVe 200g Date mới,507000,371000,Giảm 50K đơn 300K,2026-06-30 00:09:35
SCRAPE-0005,8066629123927,TikTok Shop,Date mới Kem dưỡng ẩm CeraVe 30ml,1212000,985000,Giảm 50K đơn 300K,2026-06-30 22:14:01
SCRAPE-0006,8066629123927,TikTok Shop,[Freeship] Kem dưỡng ẩm CeraVe 30ml,1168000,1076000,Hoàn xu 10%,2026-06-30 17:53:58
SCRAPE-0007,8066629123927,Lazada,Date mới Kem dưỡng ẩm CeraVe 30ml,1241000,1191000,Giảm 15k cho đơn từ 150k,2026-07-04 19:16:02
SCRAPE-0008,2679803192344,Shopee,Giá sỉ Kem nền L'Oreal 50ml,191000,154000,Giảm 15k cho đơn từ 150k,2026-06-30 17:52:20
SCRAPE-0009,2679803192344,Shopee,Giá sỉ Kem nền L'Oreal 50ml,187000,163000,Giảm 50K đơn 300K,2026-06-30 07:37:20
SCRAPE-0010,2679803192344,GrabMart,[Freeship] Kem nền L'Oreal 50ml,166000,119000,Freeship extra,2026-07-01 03:56:38
SCRAPE-0011,8816685296496,Lazada,Kem dưỡng ẩm Innisfree 30ml [Freeship],693000,627000,Giảm 50K đơn 300K,2026-07-03 20:25:50
SCRAPE-0012,8816685296496,Lazada,Kem dưỡng ẩm Innisfree 30ml Auth 100%,849000,649000,Hoàn xu 10%,2026-06-29 20:11:45
SCRAPE-0013,8816685296496,Shopee,Kem dưỡng ẩm Innisfree 30ml Auth 100%,701000,659000,Freeship extra,2026-07-05 16:28:49
SCRAPE-0014,8816685296496,Lazada,Kem dưỡng ẩm Innisfree 30ml [Freeship],874000,654000,Freeship extra,2026-06-29 01:07:03
SCRAPE-0015,3953119389006,Lazada,Auth 100% Dầu gội L'Oreal 250ml,1432000,1011000,Giảm 50K đơn 300K,2026-07-03 09:58:24
SCRAPE-0016,3953119389006,GrabMart,[Freeship] Dầu gội L'Oreal 250ml,1289000,1262000,Hoàn xu 10%,2026-07-05 08:03:58
SCRAPE-0017,3953119389006,GrabMart,Dầu gội L'Oreal 250ml Chính hãng,1168000,1107000,Giảm 50K đơn 300K,2026-07-03 12:44:23
SCRAPE-0018,3953119389006,GrabMart,Dầu gội L'Oreal 250ml Giá sỉ,1273000,912000,Hoàn xu 10%,2026-06-30 19:25:10
SCRAPE-0019,3953699238053,GrabMart,Chính hãng Dầu gội Cetaphil 500ml,1349000,967000,Freeship extra,2026-07-04 03:08:40
SCRAPE-0020,3953699238053,Shopee,Date mới Dầu gội Cetaphil 500ml,1369000,1109000,Giảm 15k cho đơn từ 150k,2026-07-03 09:54:32
SCRAPE-0021,3953699238053,TikTok Shop,Dầu gội Cetaphil 500ml Chính hãng,1148000,1116000,Giảm 50K đơn 300K,2026-07-05 07:45:59
SCRAPE-0022,1808366566149,Lazada,Date mới Kem chống nắng Cetaphil 100ml,807000,803000,Giảm 50K đơn 300K,2026-06-29 08:58:49
SCRAPE-0023,1808366566149,Lazada,Giá sỉ Kem chống nắng Cetaphil 100ml,802000,591000,Freeship extra,2026-07-01 17:12:51
SCRAPE-0024,1808366566149,Lazada,Chính hãng Kem chống nắng Cetaphil 100ml,845000,816000,Hoàn xu 10%,2026-07-01 09:38:17
SCRAPE-0025,1808366566149,Lazada,Kem chống nắng Cetaphil 100ml Date mới,671000,515000,Giảm 50K đơn 300K,2026-06-30 22:28:49
SCRAPE-0026,5747348745643,Lazada,Mặt nạ Cetaphil 100ml Date mới,1235000,1080000,,2026-06-29 21:08:30
SCRAPE-0027,5747348745643,Shopee,Mặt nạ Cetaphil 100ml [Freeship],1522000,1380000,,2026-07-03 17:46:07
SCRAPE-0028,5747348745643,Lazada,[Freeship] Mặt nạ Cetaphil 100ml,1131000,1051000,Freeship extra,2026-06-29 22:29:34
SCRAPE-0029,5747348745643,Shopee,Mặt nạ Cetaphil 100ml Date mới,1399000,990000,Giảm 15k cho đơn từ 150k,2026-07-05 21:32:19
SCRAPE-0030,7666502859908,TikTok Shop,Auth 100% Toner Innisfree 30ml,1167000,1124000,Giảm 15k cho đơn từ 150k,2026-06-29 11:12:05
SCRAPE-0031,7666502859908,Lazada,Date mới Toner Innisfree 30ml,1410000,1083000,Hoàn xu 10%,2026-07-05 13:32:01
SCRAPE-0032,7666502859908,Lazada,Giá sỉ Toner Innisfree 30ml,1498000,1092000,Hoàn xu 10%,2026-07-04 03:11:28
SCRAPE-0033,7666502859908,Shopee,[Freeship] Toner Innisfree 30ml,1370000,1225000,Freeship extra,2026-07-04 13:42:08
SCRAPE-0034,6502628412594,Shopee,Sữa rửa mặt Maybelline 50ml Auth 100%,437000,368000,,2026-07-02 13:30:00
SCRAPE-0035,6502628412594,GrabMart,Giá sỉ Sữa rửa mặt Maybelline 50ml,373000,291000,Freeship extra,2026-07-03 12:35:18
SCRAPE-0036,6502628412594,GrabMart,Sữa rửa mặt Maybelline 50ml Date mới,418000,306000,Giảm 15k cho đơn từ 150k,2026-06-30 19:36:50
SCRAPE-0037,6502628412594,Shopee,Chính hãng Sữa rửa mặt Maybelline 50ml,373000,280000,Giảm 15k cho đơn từ 150k,2026-07-03 09:36:42
SCRAPE-0038,6502628412594,Lazada,Chính hãng Sữa rửa mặt Maybelline 50ml,467000,431000,Giảm 50K đơn 300K,2026-06-30 10:20:09
SCRAPE-0039,2788801146353,Lazada,Date mới Kem nền CeraVe 100ml,305000,219000,Giảm 50K đơn 300K,2026-06-29 14:06:45
SCRAPE-0040,2788801146353,Lazada,Kem nền CeraVe 100ml Date mới,324000,296000,Giảm 50K đơn 300K,2026-06-29 19:03:50
SCRAPE-0041,2788801146353,Shopee,Kem nền CeraVe 100ml Giá sỉ,357000,295000,,2026-07-04 20:25:52
SCRAPE-0042,2788801146353,Shopee,Giá sỉ Kem nền CeraVe 100ml,327000,304000,Hoàn xu 10%,2026-07-04 13:19:54
SCRAPE-0043,8825960522753,Lazada,Date mới Serum Hada Labo 100ml,175000,143000,Hoàn xu 10%,2026-07-02 05:51:54
SCRAPE-0044,8825960522753,Shopee,[Freeship] Serum Hada Labo 100ml,174000,153000,Giảm 50K đơn 300K,2026-07-01 16:55:02
SCRAPE-0045,8825960522753,GrabMart,Date mới Serum Hada Labo 100ml,158000,117000,Freeship extra,2026-07-05 11:31:35
SCRAPE-0046,1190291796627,Shopee,Kem nền Bioderma 200g Chính hãng,1143000,902000,,2026-07-03 02:39:02
SCRAPE-0047,1190291796627,Lazada,Kem nền Bioderma 200g Date mới,1198000,902000,Giảm 50K đơn 300K,2026-07-04 16:09:33
SCRAPE-0048,1190291796627,Lazada,Chính hãng Kem nền Bioderma 200g,1270000,1038000,Giảm 50K đơn 300K,2026-07-03 09:58:34
SCRAPE-0049,1190291796627,Lazada,Chính hãng Kem nền Bioderma 200g,1256000,1247000,Giảm 15k cho đơn từ 150k,2026-07-05 15:33:44
SCRAPE-0050,1190291796627,TikTok Shop,Chính hãng Kem nền Bioderma 200g,1143000,1048000,Freeship extra,2026-06-29 01:46:06
SCRAPE-0051,2354412921425,Shopee,Chính hãng Sữa tắm Hada Labo 250ml,395000,327000,Giảm 50K đơn 300K,2026-07-03 02:35:08
SCRAPE-0052,2354412921425,GrabMart,Auth 100% Sữa tắm Hada Labo 250ml,434000,379000,Giảm 15k cho đơn từ 150k,2026-07-01 13:59:15
SCRAPE-0053,2354412921425,Shopee,Date mới Sữa tắm Hada Labo 250ml,389000,315000,Giảm 50K đơn 300K,2026-07-05 13:37:37
SCRAPE-0054,2354412921425,TikTok Shop,Sữa tắm Hada Labo 250ml Auth 100%,368000,261000,Giảm 15k cho đơn từ 150k,2026-07-01 08:09:35
SCRAPE-0055,2354412921425,TikTok Shop,Sữa tắm Hada Labo 250ml Giá sỉ,425000,310000,,2026-07-03 15:56:58
SCRAPE-0056,3545178661881,Lazada,Date mới Sữa tắm Maybelline 150g,564000,426000,Giảm 15k cho đơn từ 150k,2026-07-02 03:32:20
SCRAPE-0057,3545178661881,Lazada,Sữa tắm Maybelline 150g Date mới,548000,386000,Freeship extra,2026-07-04 04:54:37
SCRAPE-0058,3545178661881,Lazada,[Freeship] Sữa tắm Maybelline 150g,536000,421000,Giảm 15k cho đơn từ 150k,2026-07-04 03:25:01
SCRAPE-0059,3545178661881,TikTok Shop,Chính hãng Sữa tắm Maybelline 150g,554000,468000,,2026-07-05 06:30:28
SCRAPE-0060,7752960219306,TikTok Shop,Mặt nạ La Roche-Posay 30ml Date mới,252000,243000,Giảm 50K đơn 300K,2026-07-03 22:17:42
SCRAPE-0061,7752960219306,Shopee,[Freeship] Mặt nạ La Roche-Posay 30ml,229000,221000,Giảm 15k cho đơn từ 150k,2026-07-02 08:56:06
SCRAPE-0062,7752960219306,TikTok Shop,Mặt nạ La Roche-Posay 30ml Chính hãng,294000,226000,,2026-07-04 13:48:33
SCRAPE-0063,7752960219306,TikTok Shop,Mặt nạ La Roche-Posay 30ml Chính hãng,256000,222000,Giảm 15k cho đơn từ 150k,2026-06-29 16:20:04
SCRAPE-0064,7862075470265,TikTok Shop,Date mới Sữa rửa mặt La Roche-Posay 50ml,770000,684000,Hoàn xu 10%,2026-06-29 03:12:55
SCRAPE-0065,7862075470265,Shopee,Auth 100% Sữa rửa mặt La Roche-Posay 50ml,777000,755000,Freeship extra,2026-07-05 00:28:42
SCRAPE-0066,7862075470265,Lazada,Auth 100% Sữa rửa mặt La Roche-Posay 50ml,983000,741000,Freeship extra,2026-07-03 20:28:13
SCRAPE-0067,7862075470265,GrabMart,Auth 100% Sữa rửa mặt La Roche-Posay 50ml,792000,605000,Freeship extra,2026-07-04 19:44:56
SCRAPE-0068,7862075470265,GrabMart,Date mới Sữa rửa mặt La Roche-Posay 50ml,991000,947000,Giảm 15k cho đơn từ 150k,2026-07-02 17:38:42
SCRAPE-0069,72856176822,GrabMart,Dầu gội Vichy 200g Date mới,535000,470000,Giảm 50K đơn 300K,2026-07-03 23:46:33
SCRAPE-0070,72856176822,Shopee,Auth 100% Dầu gội Vichy 200g,651000,574000,,2026-06-29 19:24:26
SCRAPE-0071,72856176822,TikTok Shop,Dầu gội Vichy 200g Giá sỉ,632000,447000,Freeship extra,2026-07-03 11:18:24
SCRAPE-0072,72856176822,Shopee,Dầu gội Vichy 200g Giá sỉ,566000,415000,Giảm 50K đơn 300K,2026-07-05 22:05:49
SCRAPE-0073,72856176822,Shopee,Dầu gội Vichy 200g [Freeship],572000,475000,Giảm 50K đơn 300K,2026-07-01 12:23:53
SCRAPE-0074,2132824971987,Shopee,Auth 100% Dầu gội Vichy 30ml,1222000,1001000,Giảm 50K đơn 300K,2026-06-29 22:03:03
SCRAPE-0075,2132824971987,Lazada,Giá sỉ Dầu gội Vichy 30ml,1166000,866000,Giảm 50K đơn 300K,2026-06-29 02:33:50
SCRAPE-0076,2132824971987,Shopee,Dầu gội Vichy 30ml Date mới,1262000,1132000,Giảm 50K đơn 300K,2026-06-29 14:24:25
SCRAPE-0077,2132824971987,Lazada,Chính hãng Dầu gội Vichy 30ml,1218000,857000,Hoàn xu 10%,2026-06-30 12:11:08
SCRAPE-0078,2132824971987,Lazada,[Freeship] Dầu gội Vichy 30ml,1197000,1095000,Freeship extra,2026-06-30 14:06:21
SCRAPE-0079,2970211578228,TikTok Shop,Kem chống nắng Maybelline 250ml Auth 100%,977000,797000,Hoàn xu 10%,2026-07-03 10:19:26
SCRAPE-0080,2970211578228,Shopee,[Freeship] Kem chống nắng Maybelline 250ml,983000,955000,,2026-06-30 13:20:52
SCRAPE-0081,2970211578228,Lazada,Kem chống nắng Maybelline 250ml Giá sỉ,1099000,771000,Freeship extra,2026-07-03 19:19:25
SCRAPE-0082,2970211578228,Shopee,Chính hãng Kem chống nắng Maybelline 250ml,865000,772000,Freeship extra,2026-06-30 01:28:12
SCRAPE-0083,499276556405,Lazada,[Freeship] Sữa rửa mặt La Roche-Posay 150g,334000,317000,Hoàn xu 10%,2026-07-04 05:15:57
SCRAPE-0084,499276556405,Shopee,Date mới Sữa rửa mặt La Roche-Posay 150g,280000,279000,Giảm 15k cho đơn từ 150k,2026-07-05 16:56:21
SCRAPE-0085,499276556405,Shopee,Sữa rửa mặt La Roche-Posay 150g Chính hãng,310000,226000,,2026-06-29 10:02:35
SCRAPE-0086,6390191861854,TikTok Shop,Sữa rửa mặt Garnier 150g [Freeship],1398000,990000,Giảm 15k cho đơn từ 150k,2026-06-29 12:52:13
SCRAPE-0087,6390191861854,TikTok Shop,[Freeship] Sữa rửa mặt Garnier 150g,1204000,957000,Hoàn xu 10%,2026-06-30 17:24:51
SCRAPE-0088,6390191861854,Lazada,Chính hãng Sữa rửa mặt Garnier 150g,1318000,1122000,,2026-06-29 15:59:40
SCRAPE-0089,6390191861854,TikTok Shop,Sữa rửa mặt Garnier 150g Auth 100%,1456000,1043000,Hoàn xu 10%,2026-07-04 07:31:23
SCRAPE-0090,6390191861854,Shopee,Sữa rửa mặt Garnier 150g [Freeship],1268000,986000,Giảm 15k cho đơn từ 150k,2026-07-05 20:20:51
SCRAPE-0091,469777508820,Lazada,Dầu gội L'Oreal 200g Giá sỉ,901000,865000,Giảm 15k cho đơn từ 150k,2026-07-01 01:59:27
SCRAPE-0092,469777508820,GrabMart,[Freeship] Dầu gội L'Oreal 200g,805000,706000,Freeship extra,2026-06-29 21:02:06
SCRAPE-0093,469777508820,TikTok Shop,Chính hãng Dầu gội L'Oreal 200g,782000,562000,Freeship extra,2026-07-03 03:11:21
SCRAPE-0094,615948125591,Lazada,Serum CeraVe 250ml [Freeship],101000,89000,,2026-07-02 13:15:48
SCRAPE-0095,615948125591,TikTok Shop,Serum CeraVe 250ml Auth 100%,114000,89000,Giảm 15k cho đơn từ 150k,2026-07-01 02:54:45
SCRAPE-0096,615948125591,TikTok Shop,Giá sỉ Serum CeraVe 250ml,108000,83000,Giảm 50K đơn 300K,2026-07-05 19:18:31
SCRAPE-0097,615948125591,GrabMart,Serum CeraVe 250ml Auth 100%,109000,79000,,2026-07-01 21:14:47
SCRAPE-0098,6610810571542,Lazada,Kem chống nắng Cetaphil 150g Giá sỉ,823000,691000,Giảm 15k cho đơn từ 150k,2026-07-03 15:38:39
SCRAPE-0099,6610810571542,GrabMart,Auth 100% Kem chống nắng Cetaphil 150g,983000,766000,Giảm 50K đơn 300K,2026-07-03 02:30:23
SCRAPE-0100,6610810571542,GrabMart,Date mới Kem chống nắng Cetaphil 150g,1096000,933000,Giảm 50K đơn 300K,2026-07-02 04:23:21
SCRAPE-0101,3385839658624,TikTok Shop,Nước tẩy trang CeraVe 150g Chính hãng,113000,98000,Freeship extra,2026-07-01 01:02:16
SCRAPE-0102,3385839658624,Shopee,Giá sỉ Nước tẩy trang CeraVe 150g,127000,126000,,2026-06-30 05:11:50
SCRAPE-0103,3385839658624,Lazada,Chính hãng Nước tẩy trang CeraVe 150g,105000,76000,Giảm 15k cho đơn từ 150k,2026-07-04 07:55:21
SCRAPE-0104,3385839658624,Shopee,Nước tẩy trang CeraVe 150g Auth 100%,139000,119000,Freeship extra,2026-06-30 06:38:53
SCRAPE-0105,3385839658624,Shopee,Date mới Nước tẩy trang CeraVe 150g,136000,109000,Giảm 50K đơn 300K,2026-06-30 16:02:34
SCRAPE-0106,2261755986103,Lazada,Dầu gội Garnier 500ml Giá sỉ,1163000,929000,Giảm 50K đơn 300K,2026-07-02 00:45:45
SCRAPE-0107,2261755986103,Shopee,Dầu gội Garnier 500ml Auth 100%,1108000,994000,Giảm 50K đơn 300K,2026-06-30 12:55:20
SCRAPE-0108,2261755986103,GrabMart,[Freeship] Dầu gội Garnier 500ml,1125000,889000,Hoàn xu 10%,2026-07-03 18:38:38
SCRAPE-0109,2261755986103,Lazada,Date mới Dầu gội Garnier 500ml,1085000,764000,Hoàn xu 10%,2026-07-05 13:26:07
SCRAPE-0110,2261755986103,Shopee,Dầu gội Garnier 500ml Auth 100%,1064000,777000,Giảm 50K đơn 300K,2026-07-01 07:22:00
SCRAPE-0111,6162826621852,Shopee,Toner Hada Labo 50ml Giá sỉ,1275000,1213000,Freeship extra,2026-06-30 15:45:12
SCRAPE-0112,6162826621852,Lazada,Toner Hada Labo 50ml Auth 100%,1497000,1304000,Giảm 50K đơn 300K,2026-07-01 15:09:57
SCRAPE-0113,6162826621852,GrabMart,Toner Hada Labo 50ml [Freeship],1445000,1062000,Giảm 50K đơn 300K,2026-07-03 20:04:21
SCRAPE-0114,6162826621852,GrabMart,[Freeship] Toner Hada Labo 50ml,1206000,955000,,2026-07-03 19:01:15
SCRAPE-0115,6162826621852,TikTok Shop,Toner Hada Labo 50ml Auth 100%,1447000,1378000,Giảm 15k cho đơn từ 150k,2026-06-29 18:56:26
SCRAPE-0116,8645666173046,TikTok Shop,Dầu gội Garnier 500ml Chính hãng,721000,661000,Giảm 50K đơn 300K,2026-07-04 23:34:41
SCRAPE-0117,8645666173046,Lazada,Auth 100% Dầu gội Garnier 500ml,598000,470000,Giảm 50K đơn 300K,2026-07-01 13:32:32
SCRAPE-0118,8645666173046,GrabMart,Dầu gội Garnier 500ml [Freeship],754000,562000,Giảm 15k cho đơn từ 150k,2026-06-29 10:33:32
SCRAPE-0119,8645666173046,Shopee,Dầu gội Garnier 500ml Giá sỉ,597000,579000,Freeship extra,2026-07-05 16:23:42
SCRAPE-0120,8645666173046,Shopee,Dầu gội Garnier 500ml Auth 100%,609000,468000,,2026-06-30 12:09:32
SCRAPE-0121,3078270635534,GrabMart,Giá sỉ Nước tẩy trang Innisfree 500ml,1491000,1105000,Freeship extra,2026-07-05 19:29:36
SCRAPE-0122,3078270635534,GrabMart,[Freeship] Nước tẩy trang Innisfree 500ml,1432000,1348000,,2026-07-02 10:08:11
SCRAPE-0123,3078270635534,Shopee,Nước tẩy trang Innisfree 500ml Date mới,1385000,1220000,Freeship extra,2026-07-04 00:55:36
SCRAPE-0124,8814783781863,GrabMart,Sữa tắm CeraVe 30ml [Freeship],412000,304000,Hoàn xu 10%,2026-07-02 02:49:23
SCRAPE-0125,8814783781863,GrabMart,Giá sỉ Sữa tắm CeraVe 30ml,453000,355000,Giảm 15k cho đơn từ 150k,2026-07-05 01:16:53
SCRAPE-0126,8814783781863,Shopee,Giá sỉ Sữa tắm CeraVe 30ml,426000,327000,Giảm 50K đơn 300K,2026-06-30 22:36:22
SCRAPE-0127,8814783781863,TikTok Shop,Sữa tắm CeraVe 30ml [Freeship],387000,328000,Hoàn xu 10%,2026-07-03 12:15:37
SCRAPE-0128,5675947110678,Shopee,Giá sỉ Mặt nạ Innisfree 250ml,659000,576000,Freeship extra,2026-07-05 03:55:28
SCRAPE-0129,5675947110678,GrabMart,Mặt nạ Innisfree 250ml [Freeship],742000,600000,Freeship extra,2026-07-02 18:23:18
SCRAPE-0130,5675947110678,Lazada,Mặt nạ Innisfree 250ml Chính hãng,591000,520000,Giảm 15k cho đơn từ 150k,2026-06-30 02:08:52
SCRAPE-0131,3518121420679,Lazada,Auth 100% Sữa rửa mặt Vichy 150g,658000,620000,Giảm 15k cho đơn từ 150k,2026-07-01 03:51:20
SCRAPE-0132,3518121420679,Shopee,Date mới Sữa rửa mặt Vichy 150g,679000,505000,Freeship extra,2026-06-28 23:21:14
SCRAPE-0133,3518121420679,Lazada,Date mới Sữa rửa mặt Vichy 150g,592000,558000,Freeship extra,2026-06-29 10:29:51
SCRAPE-0134,6643017529092,TikTok Shop,Mặt nạ Cetaphil 30ml Giá sỉ,797000,693000,,2026-07-02 10:19:07
SCRAPE-0135,6643017529092,GrabMart,[Freeship] Mặt nạ Cetaphil 30ml,935000,727000,Giảm 50K đơn 300K,2026-07-05 10:00:53
SCRAPE-0136,6643017529092,Lazada,[Freeship] Mặt nạ Cetaphil 30ml,851000,765000,Freeship extra,2026-06-30 11:04:42
SCRAPE-0137,6643017529092,Lazada,Mặt nạ Cetaphil 30ml Chính hãng,922000,713000,Giảm 15k cho đơn từ 150k,2026-06-30 13:32:02
SCRAPE-0138,6643017529092,Shopee,Auth 100% Mặt nạ Cetaphil 30ml,828000,762000,Giảm 15k cho đơn từ 150k,2026-07-03 02:03:32
SCRAPE-0139,4673470898196,GrabMart,Date mới Sữa rửa mặt Vichy 200g,875000,790000,Giảm 50K đơn 300K,2026-07-04 05:15:41
SCRAPE-0140,4673470898196,Lazada,Giá sỉ Sữa rửa mặt Vichy 200g,1010000,803000,Giảm 15k cho đơn từ 150k,2026-07-05 21:41:32
SCRAPE-0141,4673470898196,TikTok Shop,Giá sỉ Sữa rửa mặt Vichy 200g,906000,899000,Hoàn xu 10%,2026-07-04 07:05:16
SCRAPE-0142,4673470898196,Shopee,Chính hãng Sữa rửa mặt Vichy 200g,789000,741000,Giảm 15k cho đơn từ 150k,2026-06-29 04:18:01
SCRAPE-0143,4673470898196,TikTok Shop,Sữa rửa mặt Vichy 200g Date mới,925000,867000,Giảm 15k cho đơn từ 150k,2026-07-01 00:04:04
SCRAPE-0144,565822564928,TikTok Shop,Sữa rửa mặt Bioderma 100ml Giá sỉ,486000,397000,Hoàn xu 10%,2026-06-29 00:59:20
SCRAPE-0145,565822564928,GrabMart,Date mới Sữa rửa mặt Bioderma 100ml,477000,409000,Giảm 15k cho đơn từ 150k,2026-07-02 18:27:54
SCRAPE-0146,565822564928,TikTok Shop,Giá sỉ Sữa rửa mặt Bioderma 100ml,626000,596000,Giảm 50K đơn 300K,2026-07-05 03:40:36
SCRAPE-0147,908615041871,GrabMart,Kem chống nắng L'Oreal 30ml Date mới,285000,217000,Giảm 50K đơn 300K,2026-06-30 11:15:20
SCRAPE-0148,908615041871,Shopee,Kem chống nắng L'Oreal 30ml Auth 100%,260000,202000,Freeship extra,2026-07-02 10:12:36
SCRAPE-0149,908615041871,Shopee,Chính hãng Kem chống nắng L'Oreal 30ml,265000,259000,Freeship extra,2026-07-04 10:55:30
SCRAPE-0150,908615041871,TikTok Shop,[Freeship] Kem chống nắng L'Oreal 30ml,311000,262000,,2026-06-30 16:14:16
SCRAPE-0151,2365816576543,Lazada,Chính hãng Sữa tắm Hada Labo 100ml,910000,826000,Giảm 50K đơn 300K,2026-07-05 14:11:13
SCRAPE-0152,2365816576543,GrabMart,Sữa tắm Hada Labo 100ml Giá sỉ,818000,666000,Hoàn xu 10%,2026-07-04 08:01:23
SCRAPE-0153,2365816576543,GrabMart,Sữa tắm Hada Labo 100ml Date mới,852000,656000,Giảm 50K đơn 300K,2026-07-01 16:47:54
SCRAPE-0154,2365816576543,GrabMart,Sữa tắm Hada Labo 100ml [Freeship],776000,584000,Hoàn xu 10%,2026-07-03 14:58:45
SCRAPE-0155,2365816576543,Shopee,Sữa tắm Hada Labo 100ml Chính hãng,952000,896000,Hoàn xu 10%,2026-07-03 20:33:19
SCRAPE-0156,268361517984,TikTok Shop,Date mới Toner La Roche-Posay 100ml,1514000,1330000,,2026-07-01 06:14:56
SCRAPE-0157,268361517984,Shopee,Toner La Roche-Posay 100ml [Freeship],1357000,1300000,Hoàn xu 10%,2026-07-05 04:03:10
SCRAPE-0158,268361517984,Shopee,Toner La Roche-Posay 100ml Auth 100%,1554000,1286000,Giảm 50K đơn 300K,2026-07-03 14:12:53
SCRAPE-0159,268361517984,TikTok Shop,Auth 100% Toner La Roche-Posay 100ml,1548000,1463000,Freeship extra,2026-07-04 17:46:32
SCRAPE-0160,1891150373925,TikTok Shop,[Freeship] Sữa rửa mặt Maybelline 30ml,1021000,951000,,2026-07-02 03:56:31
SCRAPE-0161,1891150373925,TikTok Shop,[Freeship] Sữa rửa mặt Maybelline 30ml,892000,704000,Freeship extra,2026-06-30 08:03:36
SCRAPE-0162,1891150373925,GrabMart,Giá sỉ Sữa rửa mặt Maybelline 30ml,831000,603000,Giảm 50K đơn 300K,2026-07-01 23:16:50
SCRAPE-0163,1791842857541,GrabMart,Sữa rửa mặt CeraVe 100ml Chính hãng,753000,538000,Giảm 50K đơn 300K,2026-07-01 23:04:52
SCRAPE-0164,1791842857541,Lazada,Chính hãng Sữa rửa mặt CeraVe 100ml,677000,503000,Giảm 50K đơn 300K,2026-07-01 04:02:27
SCRAPE-0165,1791842857541,TikTok Shop,Auth 100% Sữa rửa mặt CeraVe 100ml,828000,636000,,2026-07-04 18:29:38
SCRAPE-0166,1791842857541,Shopee,Sữa rửa mặt CeraVe 100ml Auth 100%,805000,640000,Freeship extra,2026-07-01 11:34:19
SCRAPE-0167,4274363915625,Lazada,[Freeship] Kem chống nắng L'Oreal 150g,957000,903000,,2026-06-30 03:08:38
SCRAPE-0168,4274363915625,TikTok Shop,[Freeship] Kem chống nắng L'Oreal 150g,1017000,920000,Giảm 50K đơn 300K,2026-07-05 05:34:45
SCRAPE-0169,4274363915625,Shopee,Kem chống nắng L'Oreal 150g Chính hãng,813000,639000,Freeship extra,2026-06-30 14:14:52
SCRAPE-0170,4274363915625,Shopee,Chính hãng Kem chống nắng L'Oreal 150g,993000,969000,Freeship extra,2026-06-30 12:22:30
SCRAPE-0171,8679017076804,TikTok Shop,Giá sỉ Toner Bioderma 30ml,1233000,904000,Hoàn xu 10%,2026-07-02 04:20:06
SCRAPE-0172,8679017076804,Lazada,Toner Bioderma 30ml Auth 100%,1161000,1075000,Hoàn xu 10%,2026-07-02 07:17:14
SCRAPE-0173,8679017076804,Shopee,Toner Bioderma 30ml Chính hãng,1203000,902000,,2026-07-01 07:16:25
SCRAPE-0174,8679017076804,Shopee,Toner Bioderma 30ml Date mới,1086000,932000,Giảm 50K đơn 300K,2026-07-01 13:55:17
SCRAPE-0175,3158600019381,Lazada,Sữa rửa mặt Maybelline 200g Auth 100%,843000,748000,,2026-07-04 21:33:38
SCRAPE-0176,3158600019381,Lazada,Chính hãng Sữa rửa mặt Maybelline 200g,1002000,952000,Freeship extra,2026-07-05 18:25:31
SCRAPE-0177,3158600019381,Shopee,Sữa rửa mặt Maybelline 200g [Freeship],805000,624000,Freeship extra,2026-07-01 05:22:55
SCRAPE-0178,6113972526199,TikTok Shop,Giá sỉ Sữa rửa mặt Bioderma 150g,151000,126000,Giảm 15k cho đơn từ 150k,2026-07-01 02:44:23
SCRAPE-0179,6113972526199,GrabMart,Sữa rửa mặt Bioderma 150g Auth 100%,169000,166000,Giảm 15k cho đơn từ 150k,2026-07-03 21:23:50
SCRAPE-0180,6113972526199,Shopee,Sữa rửa mặt Bioderma 150g [Freeship],150000,143000,Giảm 50K đơn 300K,2026-07-05 08:35:42
SCRAPE-0181,6113972526199,GrabMart,Sữa rửa mặt Bioderma 150g Auth 100%,128000,125000,,2026-07-05 15:40:40
SCRAPE-0182,8829911850556,Shopee,Auth 100% Toner L'Oreal 50ml,468000,350000,Hoàn xu 10%,2026-07-04 09:41:32
SCRAPE-0183,8829911850556,GrabMart,Date mới Toner L'Oreal 50ml,475000,386000,Hoàn xu 10%,2026-07-02 05:36:33
SCRAPE-0184,8829911850556,Lazada,Toner L'Oreal 50ml [Freeship],539000,394000,Giảm 50K đơn 300K,2026-07-05 07:07:30
SCRAPE-0185,8829911850556,Lazada,Toner L'Oreal 50ml Chính hãng,556000,464000,Freeship extra,2026-07-02 13:58:14
SCRAPE-0186,7549518185132,Lazada,Serum Vichy 500ml Chính hãng,1070000,1038000,Freeship extra,2026-07-04 09:35:19
SCRAPE-0187,7549518185132,Lazada,[Freeship] Serum Vichy 500ml,1168000,1008000,Hoàn xu 10%,2026-07-01 08:48:55
SCRAPE-0188,7549518185132,Shopee,Chính hãng Serum Vichy 500ml,1045000,834000,Giảm 15k cho đơn từ 150k,2026-06-30 03:52:11
SCRAPE-0189,7549518185132,TikTok Shop,Date mới Serum Vichy 500ml,1175000,929000,Freeship extra,2026-06-29 15:21:25
SCRAPE-0190,6311139625772,TikTok Shop,Date mới Toner CeraVe 200g,194000,182000,,2026-07-01 12:00:49
SCRAPE-0191,6311139625772,GrabMart,Toner CeraVe 200g Chính hãng,151000,139000,Giảm 15k cho đơn từ 150k,2026-07-03 23:57:28
SCRAPE-0192,6311139625772,Lazada,Date mới Toner CeraVe 200g,198000,139000,Giảm 15k cho đơn từ 150k,2026-07-04 06:05:47
SCRAPE-0193,2409855122470,Lazada,Kem nền L'Oreal 30ml [Freeship],1216000,1162000,Giảm 50K đơn 300K,2026-06-30 10:40:20
SCRAPE-0194,2409855122470,Shopee,Kem nền L'Oreal 30ml Giá sỉ,1107000,937000,Giảm 50K đơn 300K,2026-07-03 19:42:48
SCRAPE-0195,2409855122470,Shopee,Kem nền L'Oreal 30ml Chính hãng,1194000,837000,,2026-07-01 10:56:58
SCRAPE-0196,2409855122470,Shopee,Kem nền L'Oreal 30ml Date mới,1078000,780000,Freeship extra,2026-06-29 07:20:19
SCRAPE-0197,2409855122470,GrabMart,Kem nền L'Oreal 30ml Date mới,1323000,1186000,Giảm 15k cho đơn từ 150k,2026-07-01 03:46:12
SCRAPE-0198,3995514858982,Shopee,Dầu gội Maybelline 150g [Freeship],260000,195000,,2026-07-02 05:19:46
SCRAPE-0199,3995514858982,GrabMart,Dầu gội Maybelline 150g Giá sỉ,255000,237000,Giảm 50K đơn 300K,2026-07-03 06:11:28
SCRAPE-0200,3995514858982,Lazada,Dầu gội Maybelline 150g Chính hãng,274000,202000,Freeship extra,2026-07-02 00:06:53
SCRAPE-0201,3995514858982,GrabMart,Dầu gội Maybelline 150g Auth 100%,279000,273000,,2026-07-05 19:53:03
SCRAPE-0202,3995514858982,Shopee,Dầu gội Maybelline 150g Chính hãng,218000,167000,,2026-07-03 16:14:37
SCRAPE-0203,1206615435236,Shopee,Nước tẩy trang La Roche-Posay 30ml [Freeship],91000,69000,Giảm 15k cho đơn từ 150k,2026-07-01 13:18:47
SCRAPE-0204,1206615435236,GrabMart,Date mới Nước tẩy trang La Roche-Posay 30ml,101000,75000,,2026-07-05 07:50:38
SCRAPE-0205,1206615435236,GrabMart,Nước tẩy trang La Roche-Posay 30ml Date mới,99000,83000,Giảm 50K đơn 300K,2026-06-29 14:16:51
SCRAPE-0206,8677620239614,TikTok Shop,Date mới Nước tẩy trang Garnier 30ml,157000,142000,,2026-07-02 14:44:17
SCRAPE-0207,8677620239614,TikTok Shop,Nước tẩy trang Garnier 30ml Giá sỉ,142000,121000,Giảm 50K đơn 300K,2026-06-29 07:53:47
SCRAPE-0208,8677620239614,Lazada,Nước tẩy trang Garnier 30ml Chính hãng,161000,121000,,2026-07-03 19:16:28
SCRAPE-0209,8677620239614,GrabMart,Nước tẩy trang Garnier 30ml [Freeship],144000,117000,Freeship extra,2026-07-02 07:10:37
SCRAPE-0210,1799710129237,GrabMart,Sữa tắm Vichy 250ml Giá sỉ,733000,525000,Hoàn xu 10%,2026-07-05 15:58:54
SCRAPE-0211,1799710129237,GrabMart,Auth 100% Sữa tắm Vichy 250ml,705000,553000,Giảm 15k cho đơn từ 150k,2026-07-02 23:31:41
SCRAPE-0212,1799710129237,Shopee,Giá sỉ Sữa tắm Vichy 250ml,716000,645000,Giảm 50K đơn 300K,2026-06-29 19:43:59
SCRAPE-0213,1799710129237,TikTok Shop,Chính hãng Sữa tắm Vichy 250ml,568000,424000,Freeship extra,2026-07-01 09:27:37
SCRAPE-0214,8394149593883,GrabMart,Chính hãng Toner La Roche-Posay 200g,874000,685000,Hoàn xu 10%,2026-07-03 09:32:16
SCRAPE-0215,8394149593883,GrabMart,Toner La Roche-Posay 200g Giá sỉ,709000,590000,Giảm 15k cho đơn từ 150k,2026-06-29 21:40:06
SCRAPE-0216,8394149593883,TikTok Shop,Toner La Roche-Posay 200g Chính hãng,885000,784000,Giảm 15k cho đơn từ 150k,2026-06-29 12:33:05
SCRAPE-0217,5698606307989,TikTok Shop,Date mới Nước tẩy trang CeraVe 250ml,1049000,845000,,2026-07-04 07:43:33
SCRAPE-0218,5698606307989,Lazada,Nước tẩy trang CeraVe 250ml Chính hãng,1196000,1146000,Freeship extra,2026-06-30 19:35:19
SCRAPE-0219,5698606307989,GrabMart,Date mới Nước tẩy trang CeraVe 250ml,1057000,888000,Giảm 50K đơn 300K,2026-07-05 09:55:18
SCRAPE-0220,5698606307989,Shopee,Nước tẩy trang CeraVe 250ml [Freeship],1174000,1076000,,2026-07-03 13:09:47
SCRAPE-0221,4901691482133,GrabMart,Dầu gội CeraVe 100ml Giá sỉ,1309000,1050000,Freeship extra,2026-07-05 14:55:57
SCRAPE-0222,4901691482133,GrabMart,Dầu gội CeraVe 100ml [Freeship],1293000,1021000,Hoàn xu 10%,2026-07-03 02:24:38
SCRAPE-0223,4901691482133,TikTok Shop,Dầu gội CeraVe 100ml Chính hãng,1221000,1071000,Giảm 50K đơn 300K,2026-07-04 22:50:14
SCRAPE-0224,4901691482133,TikTok Shop,Dầu gội CeraVe 100ml Date mới,1187000,896000,Freeship extra,2026-07-02 01:49:48
SCRAPE-0225,4901691482133,GrabMart,Dầu gội CeraVe 100ml [Freeship],1466000,1164000,Giảm 15k cho đơn từ 150k,2026-07-04 03:33:57
SCRAPE-0226,2109843617025,Shopee,Mặt nạ CeraVe 250ml Auth 100%,684000,606000,Freeship extra,2026-07-03 06:36:16
SCRAPE-0227,2109843617025,TikTok Shop,Mặt nạ CeraVe 250ml Date mới,697000,655000,Giảm 15k cho đơn từ 150k,2026-06-29 15:07:09
SCRAPE-0228,2109843617025,Lazada,Giá sỉ Mặt nạ CeraVe 250ml,737000,564000,Giảm 15k cho đơn từ 150k,2026-06-29 05:09:28
SCRAPE-0229,2109843617025,Shopee,Mặt nạ CeraVe 250ml Date mới,695000,593000,Hoàn xu 10%,2026-07-04 05:14:20
SCRAPE-0230,2109843617025,Lazada,Mặt nạ CeraVe 250ml Giá sỉ,800000,769000,,2026-07-04 16:54:19
SCRAPE-0231,2089556532033,Lazada,Toner Maybelline 500ml [Freeship],655000,471000,Hoàn xu 10%,2026-07-05 15:16:37
SCRAPE-0232,2089556532033,TikTok Shop,Toner Maybelline 500ml Giá sỉ,653000,531000,Freeship extra,2026-07-02 13:02:29
SCRAPE-0233,2089556532033,Shopee,Toner Maybelline 500ml [Freeship],636000,596000,,2026-07-03 06:26:34
SCRAPE-0234,8264076419366,GrabMart,Dầu gội Maybelline 30ml [Freeship],315000,291000,Freeship extra,2026-07-02 09:56:30
SCRAPE-0235,8264076419366,Shopee,Dầu gội Maybelline 30ml [Freeship],333000,246000,Freeship extra,2026-07-05 04:14:36
SCRAPE-0236,8264076419366,GrabMart,Dầu gội Maybelline 30ml Chính hãng,297000,236000,Freeship extra,2026-06-30 08:52:17
SCRAPE-0237,8264076419366,Shopee,Dầu gội Maybelline 30ml Auth 100%,399000,291000,Giảm 50K đơn 300K,2026-06-29 15:59:36
SCRAPE-0238,1646993075616,GrabMart,Sữa rửa mặt Bioderma 250ml Date mới,629000,601000,Hoàn xu 10%,2026-07-03 15:46:00
SCRAPE-0239,1646993075616,GrabMart,Date mới Sữa rửa mặt Bioderma 250ml,609000,546000,Hoàn xu 10%,2026-07-03 16:29:27
SCRAPE-0240,1646993075616,Lazada,Date mới Sữa rửa mặt Bioderma 250ml,656000,636000,Hoàn xu 10%,2026-07-03 11:47:34
SCRAPE-0241,1646993075616,Lazada,[Freeship] Sữa rửa mặt Bioderma 250ml,526000,454000,Giảm 50K đơn 300K,2026-07-05 00:31:10
SCRAPE-0242,4142531246767,Shopee,Nước tẩy trang Cetaphil 30ml Giá sỉ,796000,732000,,2026-07-05 05:05:40
SCRAPE-0243,4142531246767,GrabMart,Nước tẩy trang Cetaphil 30ml Date mới,852000,816000,Freeship extra,2026-06-30 23:44:22
SCRAPE-0244,4142531246767,TikTok Shop,Giá sỉ Nước tẩy trang Cetaphil 30ml,720000,559000,,2026-07-02 04:27:34
SCRAPE-0245,6555939651058,GrabMart,Sữa rửa mặt L'Oreal 100ml Auth 100%,146000,117000,Giảm 50K đơn 300K,2026-06-30 04:31:22
SCRAPE-0246,6555939651058,Lazada,Sữa rửa mặt L'Oreal 100ml Chính hãng,159000,153000,,2026-07-01 16:08:46
SCRAPE-0247,6555939651058,TikTok Shop,Auth 100% Sữa rửa mặt L'Oreal 100ml,140000,130000,,2026-07-04 16:15:50
SCRAPE-0248,6555939651058,GrabMart,Sữa rửa mặt L'Oreal 100ml Date mới,140000,134000,Hoàn xu 10%,2026-07-01 23:51:44
SCRAPE-0249,456743850258,TikTok Shop,Dầu gội Garnier 100ml [Freeship],764000,678000,Hoàn xu 10%,2026-07-04 05:21:48
SCRAPE-0250,456743850258,TikTok Shop,Dầu gội Garnier 100ml Auth 100%,603000,473000,Hoàn xu 10%,2026-07-01 10:22:40
SCRAPE-0251,456743850258,TikTok Shop,Dầu gội Garnier 100ml [Freeship],772000,549000,,2026-06-30 11:25:38
SCRAPE-0252,456743850258,TikTok Shop,Dầu gội Garnier 100ml Auth 100%,652000,614000,Hoàn xu 10%,2026-07-05 01:38:12
SCRAPE-0253,456743850258,Lazada,Dầu gội Garnier 100ml Auth 100%,600000,506000,Freeship extra,2026-06-29 15:00:59
SCRAPE-0254,3556244530071,Lazada,Nước tẩy trang Innisfree 100ml Auth 100%,463000,387000,Hoàn xu 10%,2026-06-30 21:20:05
SCRAPE-0255,3556244530071,GrabMart,Nước tẩy trang Innisfree 100ml Chính hãng,513000,503000,Hoàn xu 10%,2026-07-04 07:39:18
SCRAPE-0256,3556244530071,TikTok Shop,Nước tẩy trang Innisfree 100ml Date mới,493000,442000,Hoàn xu 10%,2026-06-29 22:22:00
SCRAPE-0257,9279998270050,Shopee,Giá sỉ Toner Maybelline 200g,669000,497000,,2026-07-01 05:31:43
SCRAPE-0258,9279998270050,Shopee,Toner Maybelline 200g [Freeship],598000,489000,Giảm 15k cho đơn từ 150k,2026-06-29 23:29:41
SCRAPE-0259,9279998270050,GrabMart,Toner Maybelline 200g Chính hãng,671000,666000,Hoàn xu 10%,2026-06-29 15:32:12
SCRAPE-0260,9279998270050,GrabMart,Auth 100% Toner Maybelline 200g,712000,508000,Giảm 15k cho đơn từ 150k,2026-07-04 13:07:34
SCRAPE-0261,9279998270050,Shopee,Date mới Toner Maybelline 200g,732000,613000,Hoàn xu 10%,2026-07-03 04:15:38
SCRAPE-0262,9745414221209,Shopee,Auth 100% Toner CeraVe 150g,854000,691000,Hoàn xu 10%,2026-06-29 22:05:37
SCRAPE-0263,9745414221209,GrabMart,Toner CeraVe 150g Auth 100%,744000,719000,Freeship extra,2026-07-05 10:40:01
SCRAPE-0264,9745414221209,GrabMart,Toner CeraVe 150g Giá sỉ,736000,616000,,2026-07-02 16:16:35
SCRAPE-0265,9745414221209,TikTok Shop,Giá sỉ Toner CeraVe 150g,725000,654000,Giảm 50K đơn 300K,2026-07-04 15:49:18
SCRAPE-0266,1975558925477,GrabMart,Chính hãng Kem chống nắng L'Oreal 150g,1099000,940000,,2026-07-01 17:17:54
SCRAPE-0267,1975558925477,TikTok Shop,Kem chống nắng L'Oreal 150g [Freeship],1331000,1000000,Giảm 15k cho đơn từ 150k,2026-06-29 18:13:30
SCRAPE-0268,1975558925477,Lazada,[Freeship] Kem chống nắng L'Oreal 150g,1127000,1048000,Giảm 50K đơn 300K,2026-07-02 11:47:56
SCRAPE-0269,1975558925477,Shopee,Giá sỉ Kem chống nắng L'Oreal 150g,1401000,1036000,Giảm 50K đơn 300K,2026-07-05 15:38:44
SCRAPE-0270,1975558925477,Shopee,Kem chống nắng L'Oreal 150g Chính hãng,1090000,1028000,Giảm 50K đơn 300K,2026-07-02 19:56:56
SCRAPE-0271,4274912342177,Lazada,Nước tẩy trang Hada Labo 150g Auth 100%,290000,263000,Giảm 50K đơn 300K,2026-07-03 00:35:23
SCRAPE-0272,4274912342177,TikTok Shop,[Freeship] Nước tẩy trang Hada Labo 150g,268000,238000,Giảm 50K đơn 300K,2026-07-03 17:18:04
SCRAPE-0273,4274912342177,Shopee,Nước tẩy trang Hada Labo 150g Auth 100%,262000,210000,Giảm 50K đơn 300K,2026-07-04 01:21:20
SCRAPE-0274,4274912342177,Lazada,Giá sỉ Nước tẩy trang Hada Labo 150g,334000,286000,Freeship extra,2026-07-02 10:14:49
SCRAPE-0275,8074047006217,TikTok Shop,Sữa rửa mặt L'Oreal 250ml [Freeship],946000,752000,Giảm 15k cho đơn từ 150k,2026-07-03 12:22:00
SCRAPE-0276,8074047006217,GrabMart,Auth 100% Sữa rửa mặt L'Oreal 250ml,960000,842000,Giảm 15k cho đơn từ 150k,2026-06-30 22:42:07
SCRAPE-0277,8074047006217,Shopee,[Freeship] Sữa rửa mặt L'Oreal 250ml,1051000,941000,Giảm 15k cho đơn từ 150k,2026-07-01 19:41:01
SCRAPE-0278,2226127578707,GrabMart,Chính hãng Sữa tắm Bioderma 150g,562000,546000,Hoàn xu 10%,2026-07-02 07:16:18
SCRAPE-0279,2226127578707,TikTok Shop,Date mới Sữa tắm Bioderma 150g,579000,500000,,2026-06-30 08:23:43
SCRAPE-0280,2226127578707,Shopee,[Freeship] Sữa tắm Bioderma 150g,595000,544000,Hoàn xu 10%,2026-07-02 03:10:12
SCRAPE-0281,9195308682537,Lazada,Kem dưỡng ẩm L'Oreal 50ml Date mới,1076000,949000,,2026-07-02 16:53:55
SCRAPE-0282,9195308682537,TikTok Shop,Date mới Kem dưỡng ẩm L'Oreal 50ml,1239000,1161000,Freeship extra,2026-07-04 07:30:09
SCRAPE-0283,9195308682537,Shopee,Chính hãng Kem dưỡng ẩm L'Oreal 50ml,1372000,1369000,Giảm 15k cho đơn từ 150k,2026-06-30 20:46:59
SCRAPE-0284,5479257954365,TikTok Shop,Nước tẩy trang Cetaphil 500ml Auth 100%,160000,149000,Giảm 15k cho đơn từ 150k,2026-07-01 12:28:46
SCRAPE-0285,5479257954365,Lazada,Nước tẩy trang Cetaphil 500ml Date mới,158000,144000,Giảm 50K đơn 300K,2026-07-05 15:33:00
SCRAPE-0286,5479257954365,Shopee,Nước tẩy trang Cetaphil 500ml Chính hãng,203000,185000,Hoàn xu 10%,2026-07-01 20:15:29
SCRAPE-0287,5479257954365,Shopee,Giá sỉ Nước tẩy trang Cetaphil 500ml,170000,150000,,2026-07-02 08:31:03
SCRAPE-0288,5479257954365,Lazada,Auth 100% Nước tẩy trang Cetaphil 500ml,182000,129000,Giảm 15k cho đơn từ 150k,2026-06-30 04:33:30
SCRAPE-0289,2039873523795,TikTok Shop,Giá sỉ Sữa tắm Cetaphil 250ml,981000,927000,,2026-07-04 09:16:27
SCRAPE-0290,2039873523795,Lazada,Sữa tắm Cetaphil 250ml Chính hãng,905000,848000,Giảm 50K đơn 300K,2026-06-29 08:30:14
SCRAPE-0291,2039873523795,TikTok Shop,Chính hãng Sữa tắm Cetaphil 250ml,754000,679000,Hoàn xu 10%,2026-07-01 21:46:47
SCRAPE-0292,2039873523795,Lazada,[Freeship] Sữa tắm Cetaphil 250ml,872000,690000,Hoàn xu 10%,2026-07-03 08:40:10
SCRAPE-0293,8650944188986,Lazada,Date mới Kem nền Cetaphil 250ml,1132000,926000,Giảm 50K đơn 300K,2026-07-04 06:23:26
SCRAPE-0294,8650944188986,Shopee,Kem nền Cetaphil 250ml Chính hãng,1254000,896000,Giảm 15k cho đơn từ 150k,2026-06-30 22:52:16
SCRAPE-0295,8650944188986,TikTok Shop,Kem nền Cetaphil 250ml [Freeship],1230000,886000,,2026-07-04 11:28:30
SCRAPE-0296,8650944188986,Lazada,Chính hãng Kem nền Cetaphil 250ml,1333000,1182000,,2026-07-04 08:40:12
SCRAPE-0297,5229746008630,GrabMart,Nước tẩy trang Garnier 200g [Freeship],239000,235000,Freeship extra,2026-07-04 00:08:13
SCRAPE-0298,5229746008630,Shopee,[Freeship] Nước tẩy trang Garnier 200g,194000,177000,Giảm 50K đơn 300K,2026-07-04 18:00:49
SCRAPE-0299,5229746008630,GrabMart,Nước tẩy trang Garnier 200g Giá sỉ,240000,222000,Freeship extra,2026-07-04 05:01:55
SCRAPE-0300,9502783060593,Lazada,Sữa rửa mặt Garnier 200g Chính hãng,760000,713000,Hoàn xu 10%,2026-06-29 11:53:50
SCRAPE-0301,9502783060593,TikTok Shop,Sữa rửa mặt Garnier 200g Chính hãng,831000,759000,Hoàn xu 10%,2026-07-04 14:50:07
SCRAPE-0302,9502783060593,Lazada,Date mới Sữa rửa mặt Garnier 200g,915000,866000,Giảm 50K đơn 300K,2026-07-05 11:47:48
SCRAPE-0303,8240587954969,GrabMart,Kem nền Bioderma 150g Auth 100%,345000,339000,Giảm 15k cho đơn từ 150k,2026-06-28 23:17:18
SCRAPE-0304,8240587954969,Lazada,Kem nền Bioderma 150g Giá sỉ,377000,365000,Giảm 50K đơn 300K,2026-07-02 08:11:43
SCRAPE-0305,8240587954969,Lazada,Kem nền Bioderma 150g [Freeship],376000,275000,Freeship extra,2026-06-30 18:05:44
SCRAPE-0306,8240587954969,TikTok Shop,Auth 100% Kem nền Bioderma 150g,321000,275000,Freeship extra,2026-07-05 20:58:01
SCRAPE-0307,8240587954969,Lazada,Giá sỉ Kem nền Bioderma 150g,370000,340000,,2026-06-29 01:50:38
SCRAPE-0308,9088522079519,Shopee,Sữa tắm CeraVe 30ml Auth 100%,1341000,996000,,2026-06-28 22:35:23
SCRAPE-0309,9088522079519,TikTok Shop,Sữa tắm CeraVe 30ml Giá sỉ,1447000,1323000,Hoàn xu 10%,2026-07-04 17:15:50
SCRAPE-0310,9088522079519,Shopee,[Freeship] Sữa tắm CeraVe 30ml,1304000,1297000,Freeship extra,2026-07-01 11:59:02
SCRAPE-0311,2670101490257,GrabMart,Chính hãng Sữa rửa mặt Garnier 50ml,868000,780000,Hoàn xu 10%,2026-07-05 07:59:41
SCRAPE-0312,2670101490257,Lazada,Sữa rửa mặt Garnier 50ml Giá sỉ,866000,797000,Freeship extra,2026-07-02 04:16:47
SCRAPE-0313,2670101490257,Lazada,Sữa rửa mặt Garnier 50ml Date mới,893000,816000,Giảm 50K đơn 300K,2026-06-29 04:17:23
SCRAPE-0314,2670101490257,Lazada,Date mới Sữa rửa mặt Garnier 50ml,1010000,806000,Freeship extra,2026-06-30 02:02:43
SCRAPE-0315,2670101490257,TikTok Shop,Sữa rửa mặt Garnier 50ml Giá sỉ,929000,678000,,2026-07-05 11:52:48
SCRAPE-0316,3028407188207,TikTok Shop,Dầu gội La Roche-Posay 100ml [Freeship],1218000,878000,Giảm 15k cho đơn từ 150k,2026-06-30 17:40:38
SCRAPE-0317,3028407188207,GrabMart,Giá sỉ Dầu gội La Roche-Posay 100ml,1138000,1007000,Giảm 50K đơn 300K,2026-07-02 23:32:05
SCRAPE-0318,3028407188207,Lazada,Dầu gội La Roche-Posay 100ml Auth 100%,1118000,1021000,Hoàn xu 10%,2026-07-01 12:55:47
SCRAPE-0319,3476212390506,Shopee,Kem chống nắng Cetaphil 30ml Date mới,901000,816000,Hoàn xu 10%,2026-07-04 17:35:14
SCRAPE-0320,3476212390506,TikTok Shop,[Freeship] Kem chống nắng Cetaphil 30ml,789000,744000,Giảm 15k cho đơn từ 150k,2026-06-28 22:30:18
SCRAPE-0321,3476212390506,TikTok Shop,Auth 100% Kem chống nắng Cetaphil 30ml,913000,711000,Giảm 15k cho đơn từ 150k,2026-07-05 15:11:30
SCRAPE-0322,3476212390506,Shopee,Kem chống nắng Cetaphil 30ml Auth 100%,796000,664000,Giảm 15k cho đơn từ 150k,2026-06-29 13:52:40
SCRAPE-0323,5929638476403,GrabMart,Sữa tắm Maybelline 150g Auth 100%,1208000,894000,,2026-07-02 23:34:50
SCRAPE-0324,5929638476403,GrabMart,[Freeship] Sữa tắm Maybelline 150g,1396000,1055000,Giảm 15k cho đơn từ 150k,2026-07-03 05:57:52
SCRAPE-0325,5929638476403,Lazada,Chính hãng Sữa tắm Maybelline 150g,1425000,1337000,Hoàn xu 10%,2026-06-30 18:28:30
SCRAPE-0326,5929638476403,Lazada,Giá sỉ Sữa tắm Maybelline 150g,1160000,873000,Giảm 15k cho đơn từ 150k,2026-07-02 17:07:07
SCRAPE-0327,5929638476403,Shopee,Sữa tắm Maybelline 150g [Freeship],1300000,1239000,Freeship extra,2026-07-01 08:34:13
SCRAPE-0328,2091659513209,Shopee,Auth 100% Serum Vichy 100ml,1047000,928000,Giảm 15k cho đơn từ 150k,2026-07-05 20:19:54
SCRAPE-0329,2091659513209,GrabMart,Date mới Serum Vichy 100ml,939000,836000,Giảm 15k cho đơn từ 150k,2026-07-04 01:24:10
SCRAPE-0330,2091659513209,Shopee,Serum Vichy 100ml [Freeship],932000,704000,Giảm 50K đơn 300K,2026-06-30 22:46:46
SCRAPE-0331,9961304097606,GrabMart,[Freeship] Kem chống nắng Vichy 500ml,761000,556000,,2026-07-05 17:00:13
SCRAPE-0332,9961304097606,TikTok Shop,Date mới Kem chống nắng Vichy 500ml,677000,631000,,2026-06-29 04:16:51
SCRAPE-0333,9961304097606,Lazada,Kem chống nắng Vichy 500ml Giá sỉ,638000,615000,,2026-07-01 15:32:04
SCRAPE-0334,9961304097606,TikTok Shop,Date mới Kem chống nắng Vichy 500ml,670000,482000,Giảm 15k cho đơn từ 150k,2026-07-02 11:32:30
SCRAPE-0335,9961304097606,Shopee,Kem chống nắng Vichy 500ml Chính hãng,794000,757000,Giảm 50K đơn 300K,2026-07-04 00:58:27
SCRAPE-0336,3665945127289,Lazada,Chính hãng Nước tẩy trang Cetaphil 50ml,260000,205000,Giảm 50K đơn 300K,2026-06-29 19:27:01
SCRAPE-0337,3665945127289,Lazada,Auth 100% Nước tẩy trang Cetaphil 50ml,217000,165000,Giảm 50K đơn 300K,2026-07-02 23:07:46
SCRAPE-0338,3665945127289,Lazada,Nước tẩy trang Cetaphil 50ml Date mới,221000,218000,Freeship extra,2026-06-30 16:24:25
SCRAPE-0339,5404819406714,TikTok Shop,Kem dưỡng ẩm Garnier 100ml [Freeship],967000,859000,Giảm 15k cho đơn từ 150k,2026-06-29 05:34:02
SCRAPE-0340,5404819406714,Shopee,Kem dưỡng ẩm Garnier 100ml Date mới,975000,902000,Freeship extra,2026-07-03 12:17:47
SCRAPE-0341,5404819406714,Shopee,Kem dưỡng ẩm Garnier 100ml Date mới,1196000,1149000,Giảm 15k cho đơn từ 150k,2026-07-01 03:04:10
SCRAPE-0342,5404819406714,Lazada,[Freeship] Kem dưỡng ẩm Garnier 100ml,1069000,794000,Giảm 15k cho đơn từ 150k,2026-06-30 08:05:38
SCRAPE-0343,5159294665630,Lazada,Nước tẩy trang Garnier 150g Chính hãng,1610000,1393000,Hoàn xu 10%,2026-06-29 08:10:14
SCRAPE-0344,5159294665630,TikTok Shop,Nước tẩy trang Garnier 150g [Freeship],1524000,1287000,Hoàn xu 10%,2026-06-29 02:58:52
SCRAPE-0345,5159294665630,Shopee,Auth 100% Nước tẩy trang Garnier 150g,1543000,1184000,,2026-06-30 21:02:33
SCRAPE-0346,5159294665630,Lazada,Date mới Nước tẩy trang Garnier 150g,1474000,1401000,Giảm 15k cho đơn từ 150k,2026-07-04 09:30:15
SCRAPE-0347,9112723809488,Shopee,Kem chống nắng Innisfree 500ml Date mới,948000,692000,,2026-07-02 06:40:50
SCRAPE-0348,9112723809488,Shopee,Kem chống nắng Innisfree 500ml Date mới,926000,896000,Giảm 50K đơn 300K,2026-07-02 02:08:12
SCRAPE-0349,9112723809488,GrabMart,Kem chống nắng Innisfree 500ml Auth 100%,914000,754000,Hoàn xu 10%,2026-07-02 07:23:11
SCRAPE-0350,9112723809488,Shopee,Kem chống nắng Innisfree 500ml Date mới,896000,894000,Freeship extra,2026-07-03 13:16:33
SCRAPE-0351,9112723809488,GrabMart,Giá sỉ Kem chống nắng Innisfree 500ml,854000,607000,Giảm 15k cho đơn từ 150k,2026-07-02 17:47:54
SCRAPE-0352,9236629384691,Shopee,Auth 100% Dầu gội Garnier 200g,1486000,1086000,,2026-07-05 13:58:55
SCRAPE-0353,9236629384691,GrabMart,[Freeship] Dầu gội Garnier 200g,1500000,1225000,Hoàn xu 10%,2026-06-29 06:07:08
SCRAPE-0354,9236629384691,TikTok Shop,Auth 100% Dầu gội Garnier 200g,1305000,933000,Freeship extra,2026-07-02 12:21:50
SCRAPE-0355,4514851686935,Lazada,Chính hãng Dầu gội Maybelline 250ml,501000,434000,Giảm 15k cho đơn từ 150k,2026-06-29 23:48:04
SCRAPE-0356,4514851686935,Lazada,Auth 100% Dầu gội Maybelline 250ml,505000,370000,,2026-07-04 17:02:42
SCRAPE-0357,4514851686935,TikTok Shop,Date mới Dầu gội Maybelline 250ml,430000,414000,Hoàn xu 10%,2026-07-04 01:08:26
SCRAPE-0358,4514851686935,Shopee,Dầu gội Maybelline 250ml Date mới,431000,350000,Hoàn xu 10%,2026-07-05 03:46:54
SCRAPE-0359,4514851686935,GrabMart,Auth 100% Dầu gội Maybelline 250ml,487000,443000,Giảm 15k cho đơn từ 150k,2026-07-02 12:19:12
SCRAPE-0360,9820032796405,GrabMart,Serum CeraVe 100ml Date mới,77000,70000,Giảm 50K đơn 300K,2026-06-30 07:02:47
SCRAPE-0361,9820032796405,Shopee,Serum CeraVe 100ml Auth 100%,75000,64000,Giảm 50K đơn 300K,2026-07-02 03:27:11
SCRAPE-0362,9820032796405,GrabMart,Serum CeraVe 100ml Date mới,81000,67000,Giảm 15k cho đơn từ 150k,2026-07-02 02:04:23
SCRAPE-0363,9820032796405,Shopee,Serum CeraVe 100ml [Freeship],80000,70000,Hoàn xu 10%,2026-06-30 12:22:44
SCRAPE-0364,9820032796405,Shopee,Serum CeraVe 100ml Giá sỉ,92000,91000,Giảm 15k cho đơn từ 150k,2026-07-05 16:44:57
SCRAPE-0365,7213786389275,Shopee,Giá sỉ Kem nền Cetaphil 30ml,240000,169000,Giảm 50K đơn 300K,2026-07-05 09:19:58
SCRAPE-0366,7213786389275,TikTok Shop,[Freeship] Kem nền Cetaphil 30ml,243000,202000,Giảm 50K đơn 300K,2026-06-30 12:36:35
SCRAPE-0367,7213786389275,Lazada,Kem nền Cetaphil 30ml [Freeship],276000,259000,Hoàn xu 10%,2026-07-03 12:23:50
SCRAPE-0368,3175386345418,Lazada,Date mới Mặt nạ Innisfree 100ml,842000,794000,Freeship extra,2026-06-29 07:48:23
SCRAPE-0369,3175386345418,Shopee,Mặt nạ Innisfree 100ml Chính hãng,957000,741000,Giảm 15k cho đơn từ 150k,2026-07-02 14:24:08
SCRAPE-0370,3175386345418,GrabMart,Giá sỉ Mặt nạ Innisfree 100ml,788000,569000,,2026-06-28 23:52:05
SCRAPE-0371,2585385759744,Shopee,[Freeship] Sữa tắm Vichy 150g,1494000,1465000,Giảm 15k cho đơn từ 150k,2026-07-03 14:10:36
SCRAPE-0372,2585385759744,GrabMart,Sữa tắm Vichy 150g Date mới,1601000,1204000,Giảm 15k cho đơn từ 150k,2026-07-03 17:30:22
SCRAPE-0373,2585385759744,GrabMart,Sữa tắm Vichy 150g Date mới,1241000,923000,Giảm 50K đơn 300K,2026-06-29 22:00:10
SCRAPE-0374,2585385759744,GrabMart,Sữa tắm Vichy 150g [Freeship],1343000,1251000,Freeship extra,2026-06-29 16:30:35
SCRAPE-0375,1778433949711,Shopee,Chính hãng Sữa rửa mặt L'Oreal 30ml,1301000,1080000,Giảm 15k cho đơn từ 150k,2026-07-02 15:29:20
SCRAPE-0376,1778433949711,GrabMart,Auth 100% Sữa rửa mặt L'Oreal 30ml,1219000,1067000,Freeship extra,2026-07-01 10:29:36
SCRAPE-0377,1778433949711,TikTok Shop,Sữa rửa mặt L'Oreal 30ml [Freeship],1426000,1059000,Freeship extra,2026-07-04 16:15:26
SCRAPE-0378,1778433949711,GrabMart,[Freeship] Sữa rửa mặt L'Oreal 30ml,1541000,1491000,Giảm 15k cho đơn từ 150k,2026-06-28 23:59:37
SCRAPE-0379,8269045954036,TikTok Shop,Kem dưỡng ẩm CeraVe 100ml Auth 100%,817000,617000,Giảm 15k cho đơn từ 150k,2026-06-30 13:54:00
SCRAPE-0380,8269045954036,GrabMart,[Freeship] Kem dưỡng ẩm CeraVe 100ml,822000,802000,Freeship extra,2026-07-04 23:00:44
SCRAPE-0381,8269045954036,Lazada,Chính hãng Kem dưỡng ẩm CeraVe 100ml,874000,660000,,2026-06-29 23:10:34
SCRAPE-0382,8269045954036,Lazada,[Freeship] Kem dưỡng ẩm CeraVe 100ml,861000,860000,,2026-07-04 18:05:55
SCRAPE-0383,8269045954036,Shopee,Kem dưỡng ẩm CeraVe 100ml Auth 100%,841000,674000,Freeship extra,2026-07-01 14:51:06
SCRAPE-0384,3062536283526,TikTok Shop,Mặt nạ Maybelline 150g Chính hãng,385000,304000,Hoàn xu 10%,2026-07-01 07:29:49
SCRAPE-0385,3062536283526,Lazada,Mặt nạ Maybelline 150g Chính hãng,366000,359000,Giảm 50K đơn 300K,2026-07-02 15:44:37
SCRAPE-0386,3062536283526,Lazada,Mặt nạ Maybelline 150g Auth 100%,358000,336000,Freeship extra,2026-07-03 21:19:53
SCRAPE-0387,3062536283526,TikTok Shop,Mặt nạ Maybelline 150g Chính hãng,394000,356000,Hoàn xu 10%,2026-06-30 15:24:08
SCRAPE-0388,9510085407339,Shopee,Giá sỉ Kem nền Vichy 50ml,1083000,808000,Freeship extra,2026-07-03 12:58:18
SCRAPE-0389,9510085407339,Lazada,Kem nền Vichy 50ml Chính hãng,1036000,899000,Hoàn xu 10%,2026-06-28 22:12:08
SCRAPE-0390,9510085407339,Lazada,Kem nền Vichy 50ml Date mới,970000,933000,Giảm 15k cho đơn từ 150k,2026-06-30 06:43:11
SCRAPE-0391,9510085407339,GrabMart,Chính hãng Kem nền Vichy 50ml,1256000,1009000,,2026-07-04 11:12:54
SCRAPE-0392,5809053361551,TikTok Shop,Dầu gội Bioderma 30ml Chính hãng,1386000,1025000,Giảm 15k cho đơn từ 150k,2026-07-02 10:51:31
SCRAPE-0393,5809053361551,Lazada,Chính hãng Dầu gội Bioderma 30ml,1530000,1410000,Giảm 15k cho đơn từ 150k,2026-07-01 10:33:21
SCRAPE-0394,5809053361551,Lazada,Dầu gội Bioderma 30ml Giá sỉ,1472000,1093000,Hoàn xu 10%,2026-07-04 20:05:49
SCRAPE-0395,5809053361551,GrabMart,[Freeship] Dầu gội Bioderma 30ml,1269000,1081000,Freeship extra,2026-07-05 05:05:15
SCRAPE-0396,5809053361551,GrabMart,Dầu gội Bioderma 30ml Auth 100%,1504000,1085000,Freeship extra,2026-07-03 14:42:26
SCRAPE-0397,7858632004642,Lazada,Auth 100% Nước tẩy trang Hada Labo 150g,418000,384000,,2026-07-03 19:27:36
SCRAPE-0398,7858632004642,Lazada,Nước tẩy trang Hada Labo 150g Giá sỉ,444000,357000,Giảm 50K đơn 300K,2026-06-28 22:16:33
SCRAPE-0399,7858632004642,Shopee,Giá sỉ Nước tẩy trang Hada Labo 150g,453000,453000,Freeship extra,2026-06-29 15:35:13
SCRAPE-0400,7858632004642,TikTok Shop,Nước tẩy trang Hada Labo 150g Giá sỉ,401000,295000,,2026-07-04 01:23:28
SCRAPE-0401,4850691111859,Shopee,Giá sỉ Nước tẩy trang La Roche-Posay 50ml,139000,138000,Freeship extra,2026-06-29 14:32:57
SCRAPE-0402,4850691111859,Lazada,Auth 100% Nước tẩy trang La Roche-Posay 50ml,117000,93000,Giảm 15k cho đơn từ 150k,2026-07-03 22:44:27
SCRAPE-0403,4850691111859,Lazada,Nước tẩy trang La Roche-Posay 50ml Giá sỉ,139000,112000,Hoàn xu 10%,2026-06-29 10:22:40
SCRAPE-0404,4850691111859,Shopee,Chính hãng Nước tẩy trang La Roche-Posay 50ml,116000,85000,,2026-06-29 20:58:09
SCRAPE-0405,4850691111859,TikTok Shop,Auth 100% Nước tẩy trang La Roche-Posay 50ml,124000,103000,Hoàn xu 10%,2026-07-05 06:22:16
SCRAPE-0406,2388254850196,Shopee,Kem chống nắng Vichy 250ml Date mới,130000,113000,Hoàn xu 10%,2026-06-29 21:45:35
SCRAPE-0407,2388254850196,GrabMart,Kem chống nắng Vichy 250ml Date mới,167000,166000,Giảm 50K đơn 300K,2026-07-03 23:34:32
SCRAPE-0408,2388254850196,Lazada,Auth 100% Kem chống nắng Vichy 250ml,151000,116000,Giảm 15k cho đơn từ 150k,2026-06-29 00:14:42
SCRAPE-0409,2870945249601,Lazada,Kem chống nắng Bioderma 250ml [Freeship],1320000,1232000,Freeship extra,2026-06-29 14:46:48
SCRAPE-0410,2870945249601,Shopee,Auth 100% Kem chống nắng Bioderma 250ml,1453000,1233000,,2026-06-30 08:22:24
SCRAPE-0411,2870945249601,Shopee,Kem chống nắng Bioderma 250ml Chính hãng,1656000,1487000,Freeship extra,2026-06-30 23:21:18
SCRAPE-0412,3817508261621,TikTok Shop,Dầu gội L'Oreal 500ml Date mới,798000,726000,Giảm 15k cho đơn từ 150k,2026-07-02 23:10:23
SCRAPE-0413,3817508261621,TikTok Shop,Giá sỉ Dầu gội L'Oreal 500ml,1031000,988000,,2026-06-30 02:15:00
SCRAPE-0414,3817508261621,Lazada,Dầu gội L'Oreal 500ml Giá sỉ,970000,683000,Hoàn xu 10%,2026-07-04 07:23:09
SCRAPE-0415,7224037512628,Lazada,Giá sỉ Mặt nạ Vichy 30ml,1304000,993000,,2026-07-04 05:39:13
SCRAPE-0416,7224037512628,Shopee,Mặt nạ Vichy 30ml Auth 100%,1429000,1092000,Hoàn xu 10%,2026-07-02 17:18:07
SCRAPE-0417,7224037512628,Shopee,Date mới Mặt nạ Vichy 30ml,1349000,1186000,Giảm 15k cho đơn từ 150k,2026-06-30 20:52:10
SCRAPE-0418,7224037512628,GrabMart,Mặt nạ Vichy 30ml [Freeship],1536000,1338000,Giảm 50K đơn 300K,2026-07-04 10:03:08
SCRAPE-0419,7224037512628,TikTok Shop,Mặt nạ Vichy 30ml Auth 100%,1525000,1260000,Freeship extra,2026-07-03 16:51:18
SCRAPE-0420,8224639197696,GrabMart,Kem nền Innisfree 500ml Date mới,398000,390000,,2026-07-04 19:24:27
SCRAPE-0421,8224639197696,Shopee,Auth 100% Kem nền Innisfree 500ml,358000,326000,Freeship extra,2026-06-30 23:28:57
SCRAPE-0422,8224639197696,Shopee,Kem nền Innisfree 500ml Date mới,379000,336000,Hoàn xu 10%,2026-07-03 23:25:21
SCRAPE-0423,8224639197696,Lazada,[Freeship] Kem nền Innisfree 500ml,404000,382000,Giảm 15k cho đơn từ 150k,2026-07-02 03:12:20
SCRAPE-0424,2333735834864,TikTok Shop,Chính hãng Toner Innisfree 150g,258000,243000,Giảm 15k cho đơn từ 150k,2026-07-04 16:01:26
SCRAPE-0425,2333735834864,Lazada,Toner Innisfree 150g [Freeship],274000,255000,Freeship extra,2026-06-30 18:17:04
SCRAPE-0426,2333735834864,Lazada,Toner Innisfree 150g [Freeship],317000,287000,Freeship extra,2026-06-29 01:33:29
SCRAPE-0427,2333735834864,Shopee,Toner Innisfree 150g Date mới,281000,230000,Giảm 50K đơn 300K,2026-07-02 07:46:58
SCRAPE-0428,9958482875514,TikTok Shop,[Freeship] Sữa rửa mặt Hada Labo 50ml,639000,623000,,2026-07-01 02:53:22
SCRAPE-0429,9958482875514,Lazada,Sữa rửa mặt Hada Labo 50ml Auth 100%,578000,518000,Giảm 50K đơn 300K,2026-06-30 21:00:23
SCRAPE-0430,9958482875514,TikTok Shop,Chính hãng Sữa rửa mặt Hada Labo 50ml,730000,620000,Giảm 15k cho đơn từ 150k,2026-07-01 11:25:43
SCRAPE-0431,8894498100610,TikTok Shop,Sữa rửa mặt Maybelline 50ml [Freeship],328000,288000,,2026-07-03 19:54:42
SCRAPE-0432,8894498100610,TikTok Shop,Sữa rửa mặt Maybelline 50ml Chính hãng,303000,268000,Hoàn xu 10%,2026-06-29 05:55:46
SCRAPE-0433,8894498100610,GrabMart,Sữa rửa mặt Maybelline 50ml Date mới,322000,235000,Freeship extra,2026-06-30 21:12:08
SCRAPE-0434,8894498100610,TikTok Shop,Sữa rửa mặt Maybelline 50ml Chính hãng,393000,297000,,2026-07-01 11:31:38
SCRAPE-0435,7750277601435,Shopee,Giá sỉ Sữa rửa mặt Cetaphil 500ml,259000,247000,Giảm 50K đơn 300K,2026-06-30 01:04:01
SCRAPE-0436,7750277601435,GrabMart,Chính hãng Sữa rửa mặt Cetaphil 500ml,279000,228000,,2026-07-02 01:05:08
SCRAPE-0437,7750277601435,Lazada,Auth 100% Sữa rửa mặt Cetaphil 500ml,233000,216000,Giảm 50K đơn 300K,2026-07-01 22:26:27
SCRAPE-0438,3147729059757,Lazada,Chính hãng Sữa rửa mặt Garnier 30ml,1427000,1385000,Freeship extra,2026-06-29 19:09:32
SCRAPE-0439,3147729059757,Lazada,Auth 100% Sữa rửa mặt Garnier 30ml,1094000,803000,Giảm 50K đơn 300K,2026-07-04 10:26:48
SCRAPE-0440,3147729059757,Shopee,Sữa rửa mặt Garnier 30ml Auth 100%,1326000,945000,Giảm 50K đơn 300K,2026-07-05 08:35:44
SCRAPE-0441,3147729059757,GrabMart,Sữa rửa mặt Garnier 30ml Auth 100%,1264000,1023000,Giảm 50K đơn 300K,2026-06-30 00:19:57
SCRAPE-0442,6104087315995,Shopee,Nước tẩy trang CeraVe 30ml Date mới,775000,718000,Giảm 15k cho đơn từ 150k,2026-07-01 18:25:49
SCRAPE-0443,6104087315995,TikTok Shop,Nước tẩy trang CeraVe 30ml Auth 100%,769000,631000,Freeship extra,2026-07-05 17:02:50
SCRAPE-0444,6104087315995,GrabMart,Date mới Nước tẩy trang CeraVe 30ml,795000,623000,Giảm 50K đơn 300K,2026-06-30 01:46:43
SCRAPE-0445,6104087315995,Lazada,Date mới Nước tẩy trang CeraVe 30ml,845000,598000,Giảm 50K đơn 300K,2026-06-29 18:41:06
SCRAPE-0446,9679477664289,Shopee,Auth 100% Mặt nạ Innisfree 250ml,150000,133000,Freeship extra,2026-06-30 03:46:42
SCRAPE-0447,9679477664289,TikTok Shop,Date mới Mặt nạ Innisfree 250ml,155000,136000,Giảm 15k cho đơn từ 150k,2026-07-02 08:54:49
SCRAPE-0448,9679477664289,Lazada,[Freeship] Mặt nạ Innisfree 250ml,192000,144000,Giảm 15k cho đơn từ 150k,2026-07-05 13:10:11
SCRAPE-0449,9679477664289,Lazada,Mặt nạ Innisfree 250ml Date mới,188000,138000,Giảm 50K đơn 300K,2026-07-03 00:25:17
SCRAPE-0450,9679477664289,Lazada,Auth 100% Mặt nạ Innisfree 250ml,162000,142000,Giảm 15k cho đơn từ 150k,2026-06-30 08:20:03
SCRAPE-0451,1344420160301,Lazada,Auth 100% Nước tẩy trang Innisfree 30ml,731000,621000,Giảm 15k cho đơn từ 150k,2026-07-01 10:56:40
SCRAPE-0452,1344420160301,Lazada,Chính hãng Nước tẩy trang Innisfree 30ml,636000,499000,Hoàn xu 10%,2026-07-02 17:52:35
SCRAPE-0453,1344420160301,Shopee,Chính hãng Nước tẩy trang Innisfree 30ml,707000,679000,Giảm 15k cho đơn từ 150k,2026-07-05 04:45:49
SCRAPE-0454,1344420160301,GrabMart,Nước tẩy trang Innisfree 30ml Auth 100%,688000,604000,Hoàn xu 10%,2026-07-05 01:34:35
SCRAPE-0455,1344420160301,TikTok Shop,Chính hãng Nước tẩy trang Innisfree 30ml,756000,637000,Hoàn xu 10%,2026-07-03 15:51:18
SCRAPE-0456,4924692332054,Lazada,Giá sỉ Dầu gội Garnier 100ml,610000,457000,Giảm 15k cho đơn từ 150k,2026-06-30 13:24:57
SCRAPE-0457,4924692332054,Lazada,Date mới Dầu gội Garnier 100ml,544000,465000,Giảm 50K đơn 300K,2026-07-01 13:36:24
SCRAPE-0458,4924692332054,TikTok Shop,[Freeship] Dầu gội Garnier 100ml,471000,447000,Giảm 15k cho đơn từ 150k,2026-07-05 11:28:04
SCRAPE-0459,5536095371789,GrabMart,Giá sỉ Serum Vichy 100ml,770000,549000,Freeship extra,2026-07-03 16:35:11
SCRAPE-0460,5536095371789,TikTok Shop,Serum Vichy 100ml Auth 100%,941000,853000,Giảm 50K đơn 300K,2026-07-02 17:29:34
SCRAPE-0461,5536095371789,Lazada,Auth 100% Serum Vichy 100ml,1006000,735000,Giảm 50K đơn 300K,2026-07-03 18:48:44
SCRAPE-0462,5667394593078,Shopee,Auth 100% Sữa tắm Cetaphil 50ml,840000,772000,Giảm 50K đơn 300K,2026-07-03 21:07:36
SCRAPE-0463,5667394593078,TikTok Shop,[Freeship] Sữa tắm Cetaphil 50ml,1037000,956000,Freeship extra,2026-07-03 00:21:25
SCRAPE-0464,5667394593078,TikTok Shop,Auth 100% Sữa tắm Cetaphil 50ml,838000,700000,Freeship extra,2026-07-03 02:33:52
SCRAPE-0465,5667394593078,GrabMart,[Freeship] Sữa tắm Cetaphil 50ml,995000,869000,Hoàn xu 10%,2026-07-03 10:52:29
SCRAPE-0466,9438521959165,GrabMart,Sữa tắm Vichy 200g Auth 100%,164000,120000,Giảm 15k cho đơn từ 150k,2026-07-03 17:18:27
SCRAPE-0467,9438521959165,TikTok Shop,Date mới Sữa tắm Vichy 200g,174000,127000,Freeship extra,2026-06-29 10:17:32
SCRAPE-0468,9438521959165,Shopee,Sữa tắm Vichy 200g Date mới,194000,172000,,2026-07-02 14:54:37
SCRAPE-0469,9438521959165,Shopee,Auth 100% Sữa tắm Vichy 200g,203000,189000,Freeship extra,2026-07-01 00:20:37
SCRAPE-0470,4978963752715,GrabMart,Dầu gội Hada Labo 150g Giá sỉ,563000,432000,Freeship extra,2026-07-03 09:00:02
SCRAPE-0471,4978963752715,GrabMart,Dầu gội Hada Labo 150g Chính hãng,497000,444000,Freeship extra,2026-07-02 09:40:45
SCRAPE-0472,4978963752715,Shopee,Dầu gội Hada Labo 150g Giá sỉ,493000,452000,Giảm 15k cho đơn từ 150k,2026-06-29 13:07:15
SCRAPE-0473,4978963752715,Lazada,Dầu gội Hada Labo 150g Giá sỉ,607000,445000,,2026-06-30 16:23:36
SCRAPE-0474,8800437600427,Lazada,Serum Garnier 500ml [Freeship],197000,171000,Freeship extra,2026-06-30 23:00:54
SCRAPE-0475,8800437600427,Shopee,Serum Garnier 500ml [Freeship],180000,160000,Giảm 50K đơn 300K,2026-07-01 04:59:32
SCRAPE-0476,8800437600427,GrabMart,Date mới Serum Garnier 500ml,180000,165000,Giảm 15k cho đơn từ 150k,2026-07-02 07:44:54
SCRAPE-0477,8800437600427,TikTok Shop,Serum Garnier 500ml [Freeship],222000,195000,Freeship extra,2026-07-03 05:22:56
SCRAPE-0478,8881823290152,TikTok Shop,[Freeship] Toner Maybelline 30ml,85000,70000,Hoàn xu 10%,2026-07-02 21:25:10
SCRAPE-0479,8881823290152,TikTok Shop,Toner Maybelline 30ml [Freeship],96000,92000,Hoàn xu 10%,2026-07-03 01:01:34
SCRAPE-0480,8881823290152,Lazada,Toner Maybelline 30ml Auth 100%,102000,99000,Giảm 15k cho đơn từ 150k,2026-06-29 22:43:52
SCRAPE-0481,8881823290152,Shopee,Auth 100% Toner Maybelline 30ml,90000,86000,Hoàn xu 10%,2026-07-01 11:23:05
SCRAPE-0482,8881823290152,TikTok Shop,Date mới Toner Maybelline 30ml,88000,67000,Giảm 50K đơn 300K,2026-07-04 07:42:07
SCRAPE-0483,2103679236905,Lazada,Dầu gội Hada Labo 250ml Date mới,396000,341000,Hoàn xu 10%,2026-07-03 16:45:27
SCRAPE-0484,2103679236905,TikTok Shop,[Freeship] Dầu gội Hada Labo 250ml,340000,296000,Freeship extra,2026-07-04 17:58:17
SCRAPE-0485,2103679236905,Shopee,Date mới Dầu gội Hada Labo 250ml,322000,252000,Hoàn xu 10%,2026-06-29 21:07:02
SCRAPE-0486,1199854608614,Lazada,Mặt nạ Hada Labo 250ml [Freeship],292000,261000,Hoàn xu 10%,2026-07-01 06:59:12
SCRAPE-0487,1199854608614,GrabMart,Date mới Mặt nạ Hada Labo 250ml,354000,293000,Giảm 15k cho đơn từ 150k,2026-07-04 12:38:04
SCRAPE-0488,1199854608614,TikTok Shop,Mặt nạ Hada Labo 250ml Auth 100%,284000,217000,Freeship extra,2026-06-29 16:57:05
SCRAPE-0489,8398401415825,GrabMart,Giá sỉ Kem chống nắng Innisfree 100ml,1555000,1167000,Freeship extra,2026-07-03 17:15:58
SCRAPE-0490,8398401415825,Shopee,[Freeship] Kem chống nắng Innisfree 100ml,1587000,1113000,Hoàn xu 10%,2026-07-03 14:02:46
SCRAPE-0491,8398401415825,GrabMart,Kem chống nắng Innisfree 100ml Auth 100%,1403000,1165000,Hoàn xu 10%,2026-07-03 08:41:50
SCRAPE-0492,8398401415825,GrabMart,Date mới Kem chống nắng Innisfree 100ml,1594000,1129000,Hoàn xu 10%,2026-06-29 11:12:06
SCRAPE-0493,8398401415825,Lazada,Kem chống nắng Innisfree 100ml Giá sỉ,1333000,1005000,Hoàn xu 10%,2026-07-02 16:11:56
SCRAPE-0494,8167159537196,TikTok Shop,Chính hãng Sữa tắm Innisfree 200g,818000,610000,Freeship extra,2026-07-05 04:11:24
SCRAPE-0495,8167159537196,Lazada,Giá sỉ Sữa tắm Innisfree 200g,904000,827000,Giảm 15k cho đơn từ 150k,2026-07-01 15:29:17
SCRAPE-0496,8167159537196,GrabMart,Giá sỉ Sữa tắm Innisfree 200g,947000,685000,Giảm 50K đơn 300K,2026-07-05 01:10:21
SCRAPE-0497,2964110536594,GrabMart,Auth 100% Kem dưỡng ẩm Bioderma 30ml,53000,48000,Hoàn xu 10%,2026-06-29 17:20:01
SCRAPE-0498,2964110536594,GrabMart,Kem dưỡng ẩm Bioderma 30ml [Freeship],52000,38000,,2026-07-02 16:21:02
SCRAPE-0499,2964110536594,Lazada,Date mới Kem dưỡng ẩm Bioderma 30ml,58000,47000,Hoàn xu 10%,2026-07-01 13:38:25
SCRAPE-0500,8918377402316,Shopee,Sữa tắm Cetaphil 50ml Date mới,1333000,1110000,,2026-07-04 01:32:31
SCRAPE-0501,8918377402316,Lazada,Sữa tắm Cetaphil 50ml Date mới,1077000,986000,,2026-07-04 18:52:30
SCRAPE-0502,8918377402316,TikTok Shop,Sữa tắm Cetaphil 50ml Chính hãng,1273000,1076000,Giảm 50K đơn 300K,2026-07-05 03:02:09
SCRAPE-0503,8918377402316,Lazada,Date mới Sữa tắm Cetaphil 50ml,1143000,844000,Giảm 50K đơn 300K,2026-07-02 01:39:18
SCRAPE-0504,7217618939727,TikTok Shop,Chính hãng Kem dưỡng ẩm CeraVe 50ml,491000,487000,Giảm 50K đơn 300K,2026-07-02 12:55:01
SCRAPE-0505,7217618939727,Lazada,Kem dưỡng ẩm CeraVe 50ml Date mới,382000,326000,,2026-07-02 17:20:56
SCRAPE-0506,7217618939727,TikTok Shop,Kem dưỡng ẩm CeraVe 50ml Chính hãng,405000,296000,Giảm 50K đơn 300K,2026-07-02 04:56:26
SCRAPE-0507,6325931073157,GrabMart,Serum Hada Labo 200g Date mới,755000,675000,Hoàn xu 10%,2026-07-01 14:45:23
SCRAPE-0508,6325931073157,Shopee,Giá sỉ Serum Hada Labo 200g,660000,604000,Giảm 15k cho đơn từ 150k,2026-06-30 14:49:46
SCRAPE-0509,6325931073157,Lazada,Serum Hada Labo 200g Chính hãng,710000,663000,Freeship extra,2026-07-03 03:46:34
SCRAPE-0510,6325931073157,TikTok Shop,Serum Hada Labo 200g Giá sỉ,762000,644000,Giảm 50K đơn 300K,2026-07-04 20:59:41
SCRAPE-0511,6325931073157,Shopee,Serum Hada Labo 200g [Freeship],811000,727000,,2026-06-30 06:51:21
SCRAPE-0512,1590172484700,TikTok Shop,Dầu gội Hada Labo 250ml Giá sỉ,516000,462000,Freeship extra,2026-07-03 20:47:41
SCRAPE-0513,1590172484700,Lazada,Auth 100% Dầu gội Hada Labo 250ml,545000,441000,Giảm 15k cho đơn từ 150k,2026-06-30 22:54:24
SCRAPE-0514,1590172484700,Lazada,Dầu gội Hada Labo 250ml [Freeship],432000,343000,Freeship extra,2026-06-29 13:08:33
SCRAPE-0515,6806352240147,Shopee,Chính hãng Kem dưỡng ẩm La Roche-Posay 200g,564000,456000,Freeship extra,2026-07-02 23:00:00
SCRAPE-0516,6806352240147,GrabMart,Kem dưỡng ẩm La Roche-Posay 200g Giá sỉ,563000,406000,Giảm 15k cho đơn từ 150k,2026-07-02 05:36:37
SCRAPE-0517,6806352240147,Lazada,Kem dưỡng ẩm La Roche-Posay 200g Date mới,518000,438000,Giảm 15k cho đơn từ 150k,2026-06-30 16:58:23
SCRAPE-0518,3579900085937,TikTok Shop,Serum Cetaphil 200g Auth 100%,1056000,907000,,2026-07-04 17:12:25
SCRAPE-0519,3579900085937,TikTok Shop,Giá sỉ Serum Cetaphil 200g,1045000,912000,Freeship extra,2026-07-05 09:44:41
SCRAPE-0520,3579900085937,GrabMart,[Freeship] Serum Cetaphil 200g,1069000,900000,,2026-07-04 08:33:25
SCRAPE-0521,7221213215430,GrabMart,Chính hãng Kem dưỡng ẩm Cetaphil 30ml,904000,841000,Giảm 50K đơn 300K,2026-06-29 12:16:30
SCRAPE-0522,7221213215430,TikTok Shop,Kem dưỡng ẩm Cetaphil 30ml Auth 100%,1049000,835000,Freeship extra,2026-07-05 03:21:06
SCRAPE-0523,7221213215430,TikTok Shop,Kem dưỡng ẩm Cetaphil 30ml Chính hãng,1116000,820000,,2026-07-02 14:26:53
SCRAPE-0524,1242151483405,Lazada,Kem dưỡng ẩm Bioderma 500ml Giá sỉ,699000,691000,Freeship extra,2026-07-02 15:43:50
SCRAPE-0525,1242151483405,TikTok Shop,Giá sỉ Kem dưỡng ẩm Bioderma 500ml,849000,774000,,2026-07-03 13:22:50
SCRAPE-0526,1242151483405,Shopee,Chính hãng Kem dưỡng ẩm Bioderma 500ml,808000,574000,Freeship extra,2026-06-28 22:56:41
SCRAPE-0527,1242151483405,TikTok Shop,Kem dưỡng ẩm Bioderma 500ml Chính hãng,871000,857000,Giảm 15k cho đơn từ 150k,2026-07-02 06:27:31
SCRAPE-0528,4026258503469,GrabMart,Date mới Serum Cetaphil 250ml,723000,634000,Freeship extra,2026-06-29 22:37:03
SCRAPE-0529,4026258503469,Shopee,Serum Cetaphil 250ml Date mới,815000,774000,Giảm 50K đơn 300K,2026-06-30 03:15:25
SCRAPE-0530,4026258503469,TikTok Shop,Serum Cetaphil 250ml Chính hãng,699000,675000,Giảm 15k cho đơn từ 150k,2026-07-02 23:39:44
SCRAPE-0531,4026258503469,TikTok Shop,Serum Cetaphil 250ml [Freeship],711000,533000,Giảm 15k cho đơn từ 150k,2026-07-05 12:03:57
SCRAPE-0532,9574367300984,GrabMart,Sữa tắm Garnier 500ml Chính hãng,1284000,931000,,2026-07-01 15:50:56
SCRAPE-0533,9574367300984,GrabMart,Sữa tắm Garnier 500ml Auth 100%,1249000,1031000,Hoàn xu 10%,2026-06-30 02:08:31
SCRAPE-0534,9574367300984,Shopee,Sữa tắm Garnier 500ml Date mới,1379000,1319000,Giảm 15k cho đơn từ 150k,2026-07-01 21:17:30
SCRAPE-0535,3944240884276,Shopee,Nước tẩy trang La Roche-Posay 250ml [Freeship],1037000,1019000,,2026-07-03 03:39:29
SCRAPE-0536,3944240884276,GrabMart,Auth 100% Nước tẩy trang La Roche-Posay 250ml,993000,818000,,2026-07-02 13:46:18
SCRAPE-0537,3944240884276,GrabMart,Giá sỉ Nước tẩy trang La Roche-Posay 250ml,966000,810000,,2026-06-29 17:48:51
SCRAPE-0538,3944240884276,TikTok Shop,Nước tẩy trang La Roche-Posay 250ml [Freeship],1089000,975000,Giảm 50K đơn 300K,2026-07-01 12:07:55
SCRAPE-0539,3715837124391,Shopee,[Freeship] Sữa tắm La Roche-Posay 100ml,289000,270000,Giảm 15k cho đơn từ 150k,2026-06-30 08:55:50
SCRAPE-0540,3715837124391,Shopee,Chính hãng Sữa tắm La Roche-Posay 100ml,324000,269000,,2026-07-01 02:43:59
SCRAPE-0541,3715837124391,Lazada,Auth 100% Sữa tắm La Roche-Posay 100ml,291000,229000,Giảm 15k cho đơn từ 150k,2026-07-04 15:21:22
SCRAPE-0542,3715837124391,Shopee,[Freeship] Sữa tắm La Roche-Posay 100ml,275000,231000,,2026-06-30 00:42:40
SCRAPE-0543,3282743299400,GrabMart,[Freeship] Toner Garnier 30ml,314000,307000,Hoàn xu 10%,2026-06-30 03:51:43
SCRAPE-0544,3282743299400,TikTok Shop,Toner Garnier 30ml Giá sỉ,324000,241000,,2026-06-30 19:57:40
SCRAPE-0545,3282743299400,TikTok Shop,Toner Garnier 30ml Giá sỉ,353000,263000,Freeship extra,2026-07-03 04:10:35
SCRAPE-0546,3282743299400,Lazada,Toner Garnier 30ml Date mới,338000,247000,,2026-06-29 03:10:50
SCRAPE-0547,5296153361137,Shopee,Giá sỉ Kem dưỡng ẩm Vichy 500ml,1201000,893000,Freeship extra,2026-07-05 00:23:43
SCRAPE-0548,5296153361137,TikTok Shop,Chính hãng Kem dưỡng ẩm Vichy 500ml,1257000,1231000,Freeship extra,2026-07-01 15:17:10
SCRAPE-0549,5296153361137,Shopee,Kem dưỡng ẩm Vichy 500ml Chính hãng,1166000,828000,Hoàn xu 10%,2026-06-29 16:24:22
SCRAPE-0550,5296153361137,TikTok Shop,Kem dưỡng ẩm Vichy 500ml [Freeship],1225000,888000,Giảm 15k cho đơn từ 150k,2026-07-03 15:28:10
SCRAPE-0551,5296153361137,GrabMart,Kem dưỡng ẩm Vichy 500ml Date mới,1275000,1178000,Giảm 50K đơn 300K,2026-07-03 10:30:55
SCRAPE-0552,5520439766441,Lazada,Kem dưỡng ẩm Maybelline 200g Auth 100%,1333000,960000,,2026-06-30 04:48:22
SCRAPE-0553,5520439766441,Shopee,Kem dưỡng ẩm Maybelline 200g [Freeship],1536000,1235000,Freeship extra,2026-07-02 08:32:38
SCRAPE-0554,5520439766441,TikTok Shop,Kem dưỡng ẩm Maybelline 200g Chính hãng,1460000,1394000,Giảm 15k cho đơn từ 150k,2026-07-03 18:10:20
SCRAPE-0555,5520439766441,Lazada,Kem dưỡng ẩm Maybelline 200g Date mới,1265000,1030000,,2026-07-01 12:40:56
SCRAPE-0556,1139478056129,Shopee,Sữa rửa mặt Garnier 50ml Chính hãng,198000,145000,Giảm 15k cho đơn từ 150k,2026-07-01 07:42:41
SCRAPE-0557,1139478056129,GrabMart,Sữa rửa mặt Garnier 50ml [Freeship],169000,164000,Freeship extra,2026-07-02 23:29:23
SCRAPE-0558,1139478056129,Lazada,Sữa rửa mặt Garnier 50ml Date mới,163000,162000,Giảm 15k cho đơn từ 150k,2026-07-04 01:08:44
SCRAPE-0559,1139478056129,GrabMart,Chính hãng Sữa rửa mặt Garnier 50ml,202000,186000,,2026-07-05 05:44:37
SCRAPE-0560,8349647093057,Lazada,Serum Cetaphil 500ml Auth 100%,825000,630000,,2026-07-04 15:49:50
SCRAPE-0561,8349647093057,GrabMart,Serum Cetaphil 500ml Auth 100%,661000,557000,Hoàn xu 10%,2026-07-01 10:27:31
SCRAPE-0562,8349647093057,Lazada,Serum Cetaphil 500ml Date mới,680000,679000,Giảm 50K đơn 300K,2026-07-03 02:03:07
SCRAPE-0563,8349647093057,Lazada,Serum Cetaphil 500ml Date mới,687000,584000,Freeship extra,2026-07-04 09:03:54
SCRAPE-0564,1941826860038,Shopee,Giá sỉ Sữa rửa mặt La Roche-Posay 100ml,1568000,1449000,,2026-07-02 18:56:48
SCRAPE-0565,1941826860038,Lazada,Auth 100% Sữa rửa mặt La Roche-Posay 100ml,1343000,1129000,Hoàn xu 10%,2026-06-30 07:20:57
SCRAPE-0566,1941826860038,Lazada,Giá sỉ Sữa rửa mặt La Roche-Posay 100ml,1332000,939000,Giảm 50K đơn 300K,2026-06-30 00:55:13
SCRAPE-0567,1941826860038,Lazada,[Freeship] Sữa rửa mặt La Roche-Posay 100ml,1466000,1225000,,2026-07-02 08:06:14
SCRAPE-0568,1941826860038,Shopee,[Freeship] Sữa rửa mặt La Roche-Posay 100ml,1324000,977000,Freeship extra,2026-07-01 13:48:06
SCRAPE-0569,9665665765956,Shopee,[Freeship] Kem dưỡng ẩm Maybelline 500ml,515000,365000,Hoàn xu 10%,2026-07-05 18:03:13
SCRAPE-0570,9665665765956,GrabMart,Auth 100% Kem dưỡng ẩm Maybelline 500ml,510000,426000,,2026-07-05 16:34:52
SCRAPE-0571,9665665765956,GrabMart,[Freeship] Kem dưỡng ẩm Maybelline 500ml,405000,335000,Giảm 50K đơn 300K,2026-07-02 16:41:50
SCRAPE-0572,921022238736,Shopee,Auth 100% Kem nền L'Oreal 500ml,793000,729000,,2026-06-29 18:35:56
SCRAPE-0573,921022238736,Shopee,Chính hãng Kem nền L'Oreal 500ml,887000,639000,Freeship extra,2026-07-04 00:09:33
SCRAPE-0574,921022238736,Lazada,Kem nền L'Oreal 500ml Date mới,981000,899000,Hoàn xu 10%,2026-07-01 06:41:40
SCRAPE-0575,7979169125169,TikTok Shop,Auth 100% Mặt nạ Maybelline 30ml,1143000,1032000,Giảm 50K đơn 300K,2026-06-29 05:41:00
SCRAPE-0576,7979169125169,GrabMart,Giá sỉ Mặt nạ Maybelline 30ml,1431000,1385000,,2026-07-04 14:53:39
SCRAPE-0577,7979169125169,Lazada,Mặt nạ Maybelline 30ml [Freeship],1472000,1448000,Giảm 15k cho đơn từ 150k,2026-06-30 10:44:44
SCRAPE-0578,7979169125169,GrabMart,Mặt nạ Maybelline 30ml [Freeship],1243000,902000,Giảm 15k cho đơn từ 150k,2026-07-04 20:08:12
SCRAPE-0579,7979169125169,Shopee,Date mới Mặt nạ Maybelline 30ml,1453000,1277000,Hoàn xu 10%,2026-07-03 17:25:39
SCRAPE-0580,2870665184551,GrabMart,Sữa tắm Vichy 100ml Giá sỉ,153000,122000,,2026-07-05 18:29:44
SCRAPE-0581,2870665184551,TikTok Shop,Sữa tắm Vichy 100ml Chính hãng,173000,167000,Giảm 50K đơn 300K,2026-07-02 03:13:07
SCRAPE-0582,2870665184551,Shopee,Sữa tắm Vichy 100ml Giá sỉ,167000,142000,Giảm 15k cho đơn từ 150k,2026-07-02 03:08:04
SCRAPE-0583,8179087892479,TikTok Shop,Giá sỉ Kem nền Bioderma 500ml,558000,398000,Freeship extra,2026-07-03 17:38:33
SCRAPE-0584,8179087892479,Shopee,Kem nền Bioderma 500ml [Freeship],486000,389000,Giảm 50K đơn 300K,2026-07-02 18:32:51
SCRAPE-0585,8179087892479,Shopee,Kem nền Bioderma 500ml Date mới,473000,357000,Giảm 15k cho đơn từ 150k,2026-07-03 18:22:51
SCRAPE-0586,5327721371718,GrabMart,Kem chống nắng Maybelline 50ml [Freeship],734000,623000,Giảm 50K đơn 300K,2026-07-03 17:49:57
SCRAPE-0587,5327721371718,Lazada,Giá sỉ Kem chống nắng Maybelline 50ml,805000,601000,,2026-07-02 16:21:29
SCRAPE-0588,5327721371718,GrabMart,Chính hãng Kem chống nắng Maybelline 50ml,850000,839000,Freeship extra,2026-07-01 23:25:56
SCRAPE-0589,5327721371718,TikTok Shop,Kem chống nắng Maybelline 50ml Date mới,860000,848000,,2026-07-01 18:08:43
SCRAPE-0590,8773089726680,GrabMart,Auth 100% Kem dưỡng ẩm Maybelline 50ml,120000,101000,Giảm 50K đơn 300K,2026-07-02 05:13:53
SCRAPE-0591,8773089726680,Lazada,Kem dưỡng ẩm Maybelline 50ml Chính hãng,106000,94000,Giảm 15k cho đơn từ 150k,2026-07-04 09:15:29
SCRAPE-0592,8773089726680,Lazada,Auth 100% Kem dưỡng ẩm Maybelline 50ml,116000,105000,,2026-06-28 22:26:58
SCRAPE-0593,8773089726680,Shopee,Chính hãng Kem dưỡng ẩm Maybelline 50ml,118000,86000,,2026-07-05 07:23:01
SCRAPE-0594,8773089726680,Shopee,Kem dưỡng ẩm Maybelline 50ml Chính hãng,101000,77000,Freeship extra,2026-07-03 08:17:27
SCRAPE-0595,3020880360593,GrabMart,Nước tẩy trang Maybelline 250ml Giá sỉ,1170000,981000,Freeship extra,2026-06-29 23:57:28
SCRAPE-0596,3020880360593,TikTok Shop,Date mới Nước tẩy trang Maybelline 250ml,1392000,1308000,,2026-07-03 22:05:21
SCRAPE-0597,3020880360593,Lazada,Nước tẩy trang Maybelline 250ml Chính hãng,1189000,1035000,Hoàn xu 10%,2026-06-29 03:30:53
SCRAPE-0598,3020880360593,GrabMart,Date mới Nước tẩy trang Maybelline 250ml,1228000,980000,,2026-07-02 14:52:37
SCRAPE-0599,3020880360593,GrabMart,[Freeship] Nước tẩy trang Maybelline 250ml,1171000,933000,Giảm 15k cho đơn từ 150k,2026-07-04 04:55:12
SCRAPE-0600,1888979041955,TikTok Shop,Sữa rửa mặt L'Oreal 50ml Date mới,991000,748000,,2026-07-01 18:40:46
SCRAPE-0601,1888979041955,Lazada,Sữa rửa mặt L'Oreal 50ml [Freeship],895000,755000,Giảm 50K đơn 300K,2026-07-05 11:38:21
SCRAPE-0602,1888979041955,Lazada,Sữa rửa mặt L'Oreal 50ml Giá sỉ,901000,633000,Hoàn xu 10%,2026-07-02 14:28:59
SCRAPE-0603,1888979041955,Shopee,Date mới Sữa rửa mặt L'Oreal 50ml,821000,733000,Giảm 15k cho đơn từ 150k,2026-07-01 14:34:05
SCRAPE-0604,1888979041955,Lazada,Auth 100% Sữa rửa mặt L'Oreal 50ml,760000,659000,Giảm 15k cho đơn từ 150k,2026-07-01 06:56:35
SCRAPE-0605,1551792216205,TikTok Shop,[Freeship] Mặt nạ L'Oreal 30ml,320000,272000,,2026-07-01 11:25:37
SCRAPE-0606,1551792216205,GrabMart,Mặt nạ L'Oreal 30ml [Freeship],271000,203000,,2026-06-29 03:50:24
SCRAPE-0607,1551792216205,TikTok Shop,Chính hãng Mặt nạ L'Oreal 30ml,351000,319000,Hoàn xu 10%,2026-07-01 21:00:36
SCRAPE-0608,1551792216205,Shopee,Mặt nạ L'Oreal 30ml Auth 100%,343000,310000,Giảm 15k cho đơn từ 150k,2026-07-05 10:35:10
SCRAPE-0609,1551792216205,Lazada,Mặt nạ L'Oreal 30ml Date mới,333000,294000,Freeship extra,2026-07-01 00:27:09
SCRAPE-0610,7594245243097,Lazada,Giá sỉ Toner L'Oreal 200g,1227000,994000,,2026-07-05 05:00:01
SCRAPE-0611,7594245243097,TikTok Shop,Chính hãng Toner L'Oreal 200g,1451000,1114000,Hoàn xu 10%,2026-07-03 21:53:01
SCRAPE-0612,7594245243097,Shopee,Toner L'Oreal 200g Date mới,1278000,985000,Giảm 15k cho đơn từ 150k,2026-07-04 18:13:31
SCRAPE-0613,7594245243097,GrabMart,Giá sỉ Toner L'Oreal 200g,1368000,1258000,Hoàn xu 10%,2026-07-03 03:00:54
SCRAPE-0614,7594245243097,TikTok Shop,Auth 100% Toner L'Oreal 200g,1415000,1369000,,2026-07-03 09:07:13
SCRAPE-0615,9176668773,Lazada,Serum L'Oreal 200g Giá sỉ,991000,930000,Giảm 15k cho đơn từ 150k,2026-07-02 06:00:18
SCRAPE-0616,9176668773,TikTok Shop,Serum L'Oreal 200g Giá sỉ,1050000,773000,Freeship extra,2026-06-29 06:22:35
SCRAPE-0617,9176668773,GrabMart,Serum L'Oreal 200g [Freeship],1023000,760000,Hoàn xu 10%,2026-07-01 06:40:50
SCRAPE-0618,9176668773,TikTok Shop,[Freeship] Serum L'Oreal 200g,917000,850000,Giảm 50K đơn 300K,2026-06-28 22:20:32
SCRAPE-0619,7449613162173,GrabMart,Toner L'Oreal 100ml [Freeship],1523000,1477000,Giảm 50K đơn 300K,2026-07-05 19:36:56
SCRAPE-0620,7449613162173,GrabMart,Toner L'Oreal 100ml Auth 100%,1607000,1379000,Hoàn xu 10%,2026-06-29 10:04:45
SCRAPE-0621,7449613162173,Shopee,[Freeship] Toner L'Oreal 100ml,1710000,1264000,Giảm 15k cho đơn từ 150k,2026-07-01 19:22:45
SCRAPE-0622,7449613162173,TikTok Shop,Toner L'Oreal 100ml Auth 100%,1283000,1153000,Giảm 50K đơn 300K,2026-06-30 21:17:22
SCRAPE-0623,4276840048027,Lazada,Mặt nạ Cetaphil 100ml [Freeship],1447000,1239000,Freeship extra,2026-06-30 14:07:53
SCRAPE-0624,4276840048027,Lazada,Mặt nạ Cetaphil 100ml Chính hãng,1428000,1172000,Giảm 50K đơn 300K,2026-07-03 09:45:33
SCRAPE-0625,4276840048027,GrabMart,Mặt nạ Cetaphil 100ml [Freeship],1422000,1303000,Hoàn xu 10%,2026-06-29 16:01:04
SCRAPE-0626,4276840048027,Lazada,Mặt nạ Cetaphil 100ml Date mới,1342000,1326000,Hoàn xu 10%,2026-06-29 14:50:22
SCRAPE-0627,4276840048027,Shopee,[Freeship] Mặt nạ Cetaphil 100ml,1436000,1328000,,2026-06-29 01:49:38
SCRAPE-0628,1412817200846,TikTok Shop,Kem dưỡng ẩm La Roche-Posay 50ml Giá sỉ,1452000,1225000,Giảm 50K đơn 300K,2026-07-02 23:38:03
SCRAPE-0629,1412817200846,GrabMart,Chính hãng Kem dưỡng ẩm La Roche-Posay 50ml,1200000,1032000,,2026-07-04 04:10:11
SCRAPE-0630,1412817200846,TikTok Shop,Kem dưỡng ẩm La Roche-Posay 50ml [Freeship],1363000,1295000,Giảm 50K đơn 300K,2026-07-02 03:08:45
SCRAPE-0631,9700652303454,GrabMart,[Freeship] Toner L'Oreal 250ml,1532000,1087000,Giảm 15k cho đơn từ 150k,2026-07-04 22:12:13
SCRAPE-0632,9700652303454,Lazada,Giá sỉ Toner L'Oreal 250ml,1242000,920000,Giảm 50K đơn 300K,2026-07-01 11:55:37
SCRAPE-0633,9700652303454,Lazada,Toner L'Oreal 250ml Auth 100%,1374000,1025000,Giảm 50K đơn 300K,2026-07-05 16:07:15
SCRAPE-0634,9700652303454,GrabMart,Toner L'Oreal 250ml Chính hãng,1462000,1369000,Giảm 50K đơn 300K,2026-07-03 12:09:22
SCRAPE-0635,7889501292266,Lazada,Auth 100% Sữa rửa mặt Garnier 100ml,277000,200000,Freeship extra,2026-06-29 19:20:03
SCRAPE-0636,7889501292266,GrabMart,Giá sỉ Sữa rửa mặt Garnier 100ml,246000,213000,Freeship extra,2026-06-30 12:57:44
SCRAPE-0637,7889501292266,Shopee,Sữa rửa mặt Garnier 100ml Auth 100%,299000,244000,Giảm 15k cho đơn từ 150k,2026-06-30 15:52:40
SCRAPE-0638,7889501292266,Shopee,Sữa rửa mặt Garnier 100ml Auth 100%,289000,271000,Freeship extra,2026-07-02 07:53:34
SCRAPE-0639,3142298091235,TikTok Shop,Chính hãng Kem chống nắng CeraVe 500ml,1186000,836000,Giảm 50K đơn 300K,2026-07-03 22:03:32
SCRAPE-0640,3142298091235,Lazada,Giá sỉ Kem chống nắng CeraVe 500ml,1330000,1222000,Hoàn xu 10%,2026-06-30 05:20:28
SCRAPE-0641,3142298091235,GrabMart,Kem chống nắng CeraVe 500ml [Freeship],1086000,1072000,,2026-07-05 01:32:38
SCRAPE-0642,3142298091235,TikTok Shop,Date mới Kem chống nắng CeraVe 500ml,1464000,1063000,,2026-06-29 08:28:52
SCRAPE-0643,6454080538143,TikTok Shop,Chính hãng Toner Hada Labo 200g,47000,43000,,2026-06-29 18:08:38
SCRAPE-0644,6454080538143,GrabMart,Toner Hada Labo 200g Chính hãng,53000,51000,Giảm 15k cho đơn từ 150k,2026-07-02 02:48:47
SCRAPE-0645,6454080538143,Shopee,Date mới Toner Hada Labo 200g,48000,47000,Hoàn xu 10%,2026-07-05 01:10:48
SCRAPE-0646,2262012143756,GrabMart,Kem nền Cetaphil 250ml Date mới,306000,268000,,2026-07-04 15:48:34
SCRAPE-0647,2262012143756,Shopee,Chính hãng Kem nền Cetaphil 250ml,326000,313000,,2026-07-01 05:31:42
SCRAPE-0648,2262012143756,GrabMart,Kem nền Cetaphil 250ml Date mới,354000,335000,Hoàn xu 10%,2026-07-02 10:11:32
SCRAPE-0649,2262012143756,Lazada,[Freeship] Kem nền Cetaphil 250ml,370000,351000,Freeship extra,2026-06-29 09:43:51
SCRAPE-0650,8584885355353,Lazada,Kem chống nắng Maybelline 200g [Freeship],1553000,1403000,,2026-07-03 04:10:10
SCRAPE-0651,8584885355353,TikTok Shop,[Freeship] Kem chống nắng Maybelline 200g,1458000,1218000,,2026-07-01 09:32:17
SCRAPE-0652,8584885355353,GrabMart,Giá sỉ Kem chống nắng Maybelline 200g,1316000,1292000,Hoàn xu 10%,2026-07-04 19:40:23
SCRAPE-0653,2669990163213,Lazada,Auth 100% Kem nền Maybelline 150g,1249000,1031000,Giảm 15k cho đơn từ 150k,2026-07-04 06:31:54
SCRAPE-0654,2669990163213,GrabMart,Chính hãng Kem nền Maybelline 150g,1263000,916000,Freeship extra,2026-07-04 02:43:58
SCRAPE-0655,2669990163213,Lazada,Auth 100% Kem nền Maybelline 150g,1341000,1208000,Giảm 50K đơn 300K,2026-06-30 23:15:22
SCRAPE-0656,2669990163213,GrabMart,Kem nền Maybelline 150g Chính hãng,1373000,980000,Giảm 50K đơn 300K,2026-07-04 07:16:36
SCRAPE-0657,2669990163213,TikTok Shop,Date mới Kem nền Maybelline 150g,1494000,1435000,Freeship extra,2026-07-05 19:03:51
SCRAPE-0658,9704532921621,Shopee,Nước tẩy trang Cetaphil 50ml Date mới,761000,564000,Giảm 15k cho đơn từ 150k,2026-07-01 11:45:07
SCRAPE-0659,9704532921621,GrabMart,Nước tẩy trang Cetaphil 50ml Date mới,781000,668000,Giảm 15k cho đơn từ 150k,2026-07-04 04:30:05
SCRAPE-0660,9704532921621,TikTok Shop,Auth 100% Nước tẩy trang Cetaphil 50ml,808000,683000,Freeship extra,2026-07-05 20:49:38
SCRAPE-0661,9704532921621,TikTok Shop,Nước tẩy trang Cetaphil 50ml Giá sỉ,990000,899000,,2026-06-30 08:19:07
SCRAPE-0662,9704532921621,TikTok Shop,Giá sỉ Nước tẩy trang Cetaphil 50ml,886000,756000,Hoàn xu 10%,2026-07-03 05:03:45
SCRAPE-0663,5981910602425,GrabMart,Nước tẩy trang CeraVe 250ml Giá sỉ,659000,630000,Freeship extra,2026-07-04 23:58:03
SCRAPE-0664,5981910602425,Lazada,[Freeship] Nước tẩy trang CeraVe 250ml,667000,596000,Giảm 15k cho đơn từ 150k,2026-06-29 03:47:56
SCRAPE-0665,5981910602425,Lazada,Nước tẩy trang CeraVe 250ml Giá sỉ,670000,515000,Hoàn xu 10%,2026-06-29 04:06:05
SCRAPE-0666,1097116757859,TikTok Shop,Date mới Kem dưỡng ẩm Bioderma 50ml,487000,384000,Hoàn xu 10%,2026-06-30 12:23:01
SCRAPE-0667,1097116757859,GrabMart,Kem dưỡng ẩm Bioderma 50ml [Freeship],574000,475000,Freeship extra,2026-06-30 04:20:23
SCRAPE-0668,1097116757859,Shopee,Giá sỉ Kem dưỡng ẩm Bioderma 50ml,496000,388000,,2026-07-01 01:40:41
SCRAPE-0669,1097116757859,Shopee,[Freeship] Kem dưỡng ẩm Bioderma 50ml,476000,334000,Giảm 15k cho đơn từ 150k,2026-07-03 03:50:40
SCRAPE-0670,1867949594638,Shopee,Auth 100% Kem chống nắng Garnier 200g,1029000,925000,Hoàn xu 10%,2026-07-01 22:44:08
SCRAPE-0671,1867949594638,GrabMart,Chính hãng Kem chống nắng Garnier 200g,886000,829000,Hoàn xu 10%,2026-07-02 22:29:01
SCRAPE-0672,1867949594638,Lazada,Kem chống nắng Garnier 200g Date mới,877000,698000,Giảm 15k cho đơn từ 150k,2026-07-03 01:19:05
SCRAPE-0673,6698581938462,Lazada,Nước tẩy trang Hada Labo 500ml Auth 100%,352000,343000,Hoàn xu 10%,2026-07-02 16:39:15
SCRAPE-0674,6698581938462,GrabMart,Giá sỉ Nước tẩy trang Hada Labo 500ml,400000,398000,Giảm 50K đơn 300K,2026-07-02 04:52:42
SCRAPE-0675,6698581938462,GrabMart,Auth 100% Nước tẩy trang Hada Labo 500ml,410000,408000,Giảm 50K đơn 300K,2026-07-02 16:13:43
SCRAPE-0676,6698581938462,TikTok Shop,[Freeship] Nước tẩy trang Hada Labo 500ml,374000,313000,Giảm 50K đơn 300K,2026-06-29 17:06:51
SCRAPE-0677,2803246228641,Lazada,Kem nền La Roche-Posay 150g [Freeship],72000,70000,Giảm 15k cho đơn từ 150k,2026-06-29 08:31:43
SCRAPE-0678,2803246228641,Lazada,[Freeship] Kem nền La Roche-Posay 150g,89000,65000,Hoàn xu 10%,2026-07-02 10:14:13
SCRAPE-0679,2803246228641,GrabMart,Kem nền La Roche-Posay 150g Giá sỉ,82000,65000,Giảm 50K đơn 300K,2026-07-03 03:54:43
SCRAPE-0680,3561886871658,GrabMart,Date mới Toner Cetaphil 150g,480000,403000,Giảm 15k cho đơn từ 150k,2026-06-30 17:57:41
SCRAPE-0681,3561886871658,Lazada,Toner Cetaphil 150g [Freeship],404000,387000,,2026-07-05 21:18:14
SCRAPE-0682,3561886871658,TikTok Shop,Toner Cetaphil 150g Giá sỉ,471000,350000,,2026-06-29 00:44:11
SCRAPE-0683,3561886871658,Lazada,Toner Cetaphil 150g Giá sỉ,503000,483000,,2026-07-04 15:34:22
SCRAPE-0684,3561886871658,TikTok Shop,Date mới Toner Cetaphil 150g,499000,350000,,2026-07-04 05:08:20
SCRAPE-0685,2916101637924,Lazada,Date mới Kem nền Vichy 50ml,974000,843000,Giảm 15k cho đơn từ 150k,2026-07-05 09:07:35
SCRAPE-0686,2916101637924,Shopee,Kem nền Vichy 50ml Giá sỉ,992000,712000,Giảm 50K đơn 300K,2026-07-05 17:39:10
SCRAPE-0687,2916101637924,Shopee,Kem nền Vichy 50ml Giá sỉ,823000,673000,Hoàn xu 10%,2026-06-30 02:53:47
SCRAPE-0688,8545995985256,Shopee,Kem nền Hada Labo 150g Date mới,228000,225000,Giảm 50K đơn 300K,2026-06-30 15:14:34
SCRAPE-0689,8545995985256,TikTok Shop,Kem nền Hada Labo 150g Chính hãng,242000,238000,Hoàn xu 10%,2026-07-05 03:09:54
SCRAPE-0690,8545995985256,GrabMart,Auth 100% Kem nền Hada Labo 150g,212000,178000,,2026-07-05 08:02:23
SCRAPE-0691,8545995985256,Lazada,Date mới Kem nền Hada Labo 150g,231000,205000,Giảm 15k cho đơn từ 150k,2026-07-03 00:27:14
SCRAPE-0692,5374144832906,Shopee,Kem nền Vichy 150g [Freeship],763000,534000,Freeship extra,2026-07-05 15:00:17
SCRAPE-0693,5374144832906,TikTok Shop,Giá sỉ Kem nền Vichy 150g,685000,539000,Hoàn xu 10%,2026-07-03 14:12:14
SCRAPE-0694,5374144832906,GrabMart,Kem nền Vichy 150g Auth 100%,650000,484000,,2026-07-03 22:24:23
SCRAPE-0695,5374144832906,Lazada,Kem nền Vichy 150g Giá sỉ,682000,518000,Freeship extra,2026-06-30 19:21:22
SCRAPE-0696,8346574647345,TikTok Shop,Date mới Dầu gội Vichy 500ml,448000,398000,,2026-07-04 14:12:18
SCRAPE-0697,8346574647345,Lazada,Dầu gội Vichy 500ml Giá sỉ,545000,450000,Hoàn xu 10%,2026-07-04 15:00:47
SCRAPE-0698,8346574647345,GrabMart,Dầu gội Vichy 500ml Auth 100%,533000,428000,,2026-06-30 02:39:19
SCRAPE-0699,8346574647345,Shopee,[Freeship] Dầu gội Vichy 500ml,506000,457000,Hoàn xu 10%,2026-07-01 17:10:31
SCRAPE-0700,8346574647345,TikTok Shop,Dầu gội Vichy 500ml Chính hãng,565000,428000,,2026-07-04 20:58:17
SCRAPE-0701,4094770798793,TikTok Shop,Kem nền Cetaphil 50ml Chính hãng,373000,354000,Freeship extra,2026-06-30 21:29:21
SCRAPE-0702,4094770798793,Lazada,Kem nền Cetaphil 50ml Giá sỉ,408000,351000,Giảm 50K đơn 300K,2026-07-05 13:47:55
SCRAPE-0703,4094770798793,Lazada,[Freeship] Kem nền Cetaphil 50ml,405000,381000,Freeship extra,2026-06-30 13:14:02
SCRAPE-0704,2925495105870,Shopee,Nước tẩy trang La Roche-Posay 500ml Chính hãng,65000,57000,,2026-07-03 19:39:07
SCRAPE-0705,2925495105870,Shopee,Nước tẩy trang La Roche-Posay 500ml Giá sỉ,64000,61000,Giảm 50K đơn 300K,2026-07-04 01:10:52
SCRAPE-0706,2925495105870,TikTok Shop,Chính hãng Nước tẩy trang La Roche-Posay 500ml,59000,51000,,2026-06-29 21:17:46
SCRAPE-0707,2925495105870,TikTok Shop,Nước tẩy trang La Roche-Posay 500ml [Freeship],64000,48000,Hoàn xu 10%,2026-06-28 22:55:35
SCRAPE-0708,2925495105870,Lazada,Nước tẩy trang La Roche-Posay 500ml [Freeship],57000,51000,Giảm 15k cho đơn từ 150k,2026-07-04 05:37:38
SCRAPE-0709,4511372005572,TikTok Shop,Auth 100% Kem chống nắng Garnier 100ml,1050000,795000,Giảm 50K đơn 300K,2026-07-02 05:46:20
SCRAPE-0710,4511372005572,GrabMart,Kem chống nắng Garnier 100ml Date mới,1074000,928000,Freeship extra,2026-06-30 08:42:48
SCRAPE-0711,4511372005572,Shopee,Giá sỉ Kem chống nắng Garnier 100ml,1028000,956000,Hoàn xu 10%,2026-06-30 22:36:40
SCRAPE-0712,4511372005572,GrabMart,Giá sỉ Kem chống nắng Garnier 100ml,1118000,862000,Freeship extra,2026-07-01 13:23:56
SCRAPE-0713,4511372005572,TikTok Shop,Chính hãng Kem chống nắng Garnier 100ml,1298000,1075000,,2026-06-29 18:06:07
SCRAPE-0714,7143852729195,Lazada,Sữa tắm La Roche-Posay 500ml [Freeship],1230000,907000,Hoàn xu 10%,2026-07-04 05:21:44
SCRAPE-0715,7143852729195,Lazada,[Freeship] Sữa tắm La Roche-Posay 500ml,1179000,969000,Hoàn xu 10%,2026-07-03 15:51:40
SCRAPE-0716,7143852729195,Shopee,Giá sỉ Sữa tắm La Roche-Posay 500ml,1178000,848000,Freeship extra,2026-07-03 20:32:30
SCRAPE-0717,7143852729195,TikTok Shop,Sữa tắm La Roche-Posay 500ml Giá sỉ,1162000,1014000,Freeship extra,2026-07-01 00:08:48
SCRAPE-0718,7143852729195,TikTok Shop,Date mới Sữa tắm La Roche-Posay 500ml,1422000,1089000,Giảm 15k cho đơn từ 150k,2026-07-02 13:01:17
SCRAPE-0719,608665853546,GrabMart,Chính hãng Kem chống nắng Vichy 30ml,1147000,915000,Giảm 50K đơn 300K,2026-07-02 11:52:24
SCRAPE-0720,608665853546,Lazada,Kem chống nắng Vichy 30ml Date mới,1263000,1043000,Hoàn xu 10%,2026-07-04 14:56:43
SCRAPE-0721,608665853546,GrabMart,Date mới Kem chống nắng Vichy 30ml,1436000,1113000,Hoàn xu 10%,2026-07-01 05:08:19
SCRAPE-0722,410668899609,GrabMart,Serum Maybelline 250ml Auth 100%,1362000,1078000,Giảm 15k cho đơn từ 150k,2026-06-29 09:26:16
SCRAPE-0723,410668899609,GrabMart,[Freeship] Serum Maybelline 250ml,1320000,1195000,Giảm 50K đơn 300K,2026-07-03 06:40:23
SCRAPE-0724,410668899609,Shopee,Serum Maybelline 250ml Date mới,1119000,813000,Giảm 15k cho đơn từ 150k,2026-07-05 06:50:56
SCRAPE-0725,410668899609,GrabMart,Giá sỉ Serum Maybelline 250ml,1131000,824000,Giảm 15k cho đơn từ 150k,2026-06-30 14:37:07
SCRAPE-0726,8671924978627,Lazada,Mặt nạ Maybelline 100ml Auth 100%,126000,96000,Giảm 15k cho đơn từ 150k,2026-06-29 19:34:03
SCRAPE-0727,8671924978627,Shopee,Mặt nạ Maybelline 100ml Giá sỉ,152000,114000,Giảm 15k cho đơn từ 150k,2026-06-30 18:03:04
SCRAPE-0728,8671924978627,Lazada,Chính hãng Mặt nạ Maybelline 100ml,151000,110000,,2026-07-04 02:54:26
SCRAPE-0729,2994920893129,TikTok Shop,[Freeship] Toner CeraVe 250ml,732000,682000,,2026-07-04 19:07:12
SCRAPE-0730,2994920893129,GrabMart,Auth 100% Toner CeraVe 250ml,827000,789000,Freeship extra,2026-07-02 17:55:51
SCRAPE-0731,2994920893129,GrabMart,Chính hãng Toner CeraVe 250ml,723000,641000,,2026-07-02 01:17:00
SCRAPE-0732,2994920893129,Shopee,Toner CeraVe 250ml Auth 100%,782000,761000,Hoàn xu 10%,2026-07-02 18:23:56
SCRAPE-0733,6071630122021,TikTok Shop,Kem nền Vichy 100ml Auth 100%,90000,72000,Giảm 15k cho đơn từ 150k,2026-07-05 01:24:16
SCRAPE-0734,6071630122021,GrabMart,Kem nền Vichy 100ml Chính hãng,101000,95000,Giảm 50K đơn 300K,2026-06-29 17:00:09
SCRAPE-0735,6071630122021,Shopee,Kem nền Vichy 100ml Chính hãng,87000,82000,Hoàn xu 10%,2026-06-29 22:39:40
SCRAPE-0736,6071630122021,Lazada,Kem nền Vichy 100ml Auth 100%,115000,105000,Giảm 15k cho đơn từ 150k,2026-07-02 00:42:23
SCRAPE-0737,6071630122021,Shopee,Kem nền Vichy 100ml Chính hãng,105000,95000,,2026-07-04 22:06:27
SCRAPE-0738,8195448198330,GrabMart,Sữa rửa mặt CeraVe 50ml Date mới,1005000,887000,Giảm 15k cho đơn từ 150k,2026-07-01 23:02:19
SCRAPE-0739,8195448198330,TikTok Shop,Sữa rửa mặt CeraVe 50ml Chính hãng,1053000,799000,,2026-06-29 05:14:33
SCRAPE-0740,8195448198330,Lazada,Sữa rửa mặt CeraVe 50ml Date mới,959000,840000,Freeship extra,2026-06-28 23:00:00
SCRAPE-0741,8195448198330,GrabMart,[Freeship] Sữa rửa mặt CeraVe 50ml,936000,797000,Giảm 15k cho đơn từ 150k,2026-07-03 08:01:05
SCRAPE-0742,8195448198330,GrabMart,Sữa rửa mặt CeraVe 50ml Chính hãng,841000,739000,Freeship extra,2026-07-01 09:27:58
SCRAPE-0743,3062098220228,Lazada,Mặt nạ La Roche-Posay 500ml Date mới,256000,190000,,2026-07-05 04:17:59
SCRAPE-0744,3062098220228,TikTok Shop,Date mới Mặt nạ La Roche-Posay 500ml,256000,205000,Giảm 50K đơn 300K,2026-07-05 07:58:48
SCRAPE-0745,3062098220228,Shopee,Mặt nạ La Roche-Posay 500ml Giá sỉ,242000,171000,,2026-07-03 00:30:57
SCRAPE-0746,3062098220228,GrabMart,Mặt nạ La Roche-Posay 500ml Chính hãng,252000,206000,Hoàn xu 10%,2026-07-04 05:17:42
SCRAPE-0747,3062098220228,Shopee,Auth 100% Mặt nạ La Roche-Posay 500ml,238000,191000,Hoàn xu 10%,2026-07-04 06:49:12
SCRAPE-0748,5403430928524,GrabMart,[Freeship] Toner L'Oreal 200g,1117000,959000,Giảm 50K đơn 300K,2026-06-30 14:09:28
SCRAPE-0749,5403430928524,Shopee,Date mới Toner L'Oreal 200g,1023000,883000,Freeship extra,2026-06-29 12:35:36
SCRAPE-0750,5403430928524,GrabMart,[Freeship] Toner L'Oreal 200g,1161000,1103000,Giảm 15k cho đơn từ 150k,2026-07-02 23:44:37
SCRAPE-0751,5403430928524,GrabMart,Toner L'Oreal 200g Giá sỉ,1019000,870000,,2026-07-05 14:12:27
SCRAPE-0752,634857099296,Lazada,Serum Bioderma 30ml Chính hãng,125000,91000,Giảm 15k cho đơn từ 150k,2026-07-02 23:37:03
SCRAPE-0753,634857099296,GrabMart,Serum Bioderma 30ml [Freeship],117000,117000,,2026-07-03 03:14:03
SCRAPE-0754,634857099296,Lazada,Auth 100% Serum Bioderma 30ml,104000,101000,,2026-07-05 13:08:00
SCRAPE-0755,634857099296,Lazada,Serum Bioderma 30ml [Freeship],111000,80000,Giảm 50K đơn 300K,2026-07-04 15:26:53
SCRAPE-0756,4101354860093,GrabMart,Kem dưỡng ẩm La Roche-Posay 30ml Chính hãng,1523000,1102000,Giảm 50K đơn 300K,2026-07-04 17:58:12
SCRAPE-0757,4101354860093,TikTok Shop,Giá sỉ Kem dưỡng ẩm La Roche-Posay 30ml,1261000,1056000,Freeship extra,2026-06-30 20:22:17
SCRAPE-0758,4101354860093,TikTok Shop,Kem dưỡng ẩm La Roche-Posay 30ml Auth 100%,1421000,1029000,Hoàn xu 10%,2026-07-03 20:33:21
SCRAPE-0759,4101354860093,TikTok Shop,Kem dưỡng ẩm La Roche-Posay 30ml Date mới,1187000,1092000,Freeship extra,2026-07-04 19:26:51
SCRAPE-0760,6332994852922,GrabMart,Sữa tắm Innisfree 30ml Date mới,249000,179000,Freeship extra,2026-07-02 05:50:24
SCRAPE-0761,6332994852922,Shopee,Auth 100% Sữa tắm Innisfree 30ml,289000,287000,Freeship extra,2026-07-01 12:15:54
SCRAPE-0762,6332994852922,Shopee,Sữa tắm Innisfree 30ml Auth 100%,289000,255000,Giảm 15k cho đơn từ 150k,2026-07-01 02:39:44
SCRAPE-0763,6332994852922,TikTok Shop,[Freeship] Sữa tắm Innisfree 30ml,229000,180000,Hoàn xu 10%,2026-07-03 21:40:29
SCRAPE-0764,8293911069647,Shopee,Auth 100% Sữa tắm Bioderma 50ml,970000,749000,Giảm 50K đơn 300K,2026-07-01 21:01:59
SCRAPE-0765,8293911069647,TikTok Shop,Auth 100% Sữa tắm Bioderma 50ml,961000,729000,,2026-06-29 02:59:21
SCRAPE-0766,8293911069647,GrabMart,Sữa tắm Bioderma 50ml [Freeship],1178000,1001000,Giảm 50K đơn 300K,2026-07-02 15:14:07
SCRAPE-0767,8293911069647,Shopee,Sữa tắm Bioderma 50ml Chính hãng,1081000,878000,Giảm 50K đơn 300K,2026-07-04 22:31:31
SCRAPE-0768,8293911069647,TikTok Shop,Sữa tắm Bioderma 50ml [Freeship],1040000,932000,Giảm 15k cho đơn từ 150k,2026-07-05 01:04:22
SCRAPE-0769,8440003044146,TikTok Shop,Giá sỉ Toner Garnier 150g,502000,425000,Freeship extra,2026-07-04 18:40:50
SCRAPE-0770,8440003044146,Lazada,Date mới Toner Garnier 150g,639000,545000,Freeship extra,2026-07-01 00:30:41
SCRAPE-0771,8440003044146,GrabMart,Giá sỉ Toner Garnier 150g,517000,446000,Hoàn xu 10%,2026-07-01 03:20:59
SCRAPE-0772,8440003044146,Lazada,Auth 100% Toner Garnier 150g,518000,391000,Giảm 15k cho đơn từ 150k,2026-06-30 09:35:44
SCRAPE-0773,8440003044146,TikTok Shop,Toner Garnier 150g Date mới,511000,500000,Giảm 15k cho đơn từ 150k,2026-07-05 08:18:43
SCRAPE-0774,7329047164612,GrabMart,Kem dưỡng ẩm Cetaphil 150g Chính hãng,812000,769000,,2026-07-01 12:53:15
SCRAPE-0775,7329047164612,GrabMart,Kem dưỡng ẩm Cetaphil 150g Chính hãng,697000,565000,Hoàn xu 10%,2026-06-30 20:25:22
SCRAPE-0776,7329047164612,TikTok Shop,Kem dưỡng ẩm Cetaphil 150g Giá sỉ,675000,494000,Giảm 15k cho đơn từ 150k,2026-07-05 06:04:17
SCRAPE-0777,7329047164612,TikTok Shop,Chính hãng Kem dưỡng ẩm Cetaphil 150g,669000,544000,Freeship extra,2026-07-04 22:35:34
SCRAPE-0778,5591083646762,Lazada,Kem dưỡng ẩm Maybelline 250ml [Freeship],211000,206000,Giảm 15k cho đơn từ 150k,2026-07-05 08:57:48
SCRAPE-0779,5591083646762,Lazada,Kem dưỡng ẩm Maybelline 250ml [Freeship],173000,145000,,2026-06-30 01:22:03
SCRAPE-0780,5591083646762,GrabMart,Date mới Kem dưỡng ẩm Maybelline 250ml,183000,154000,Hoàn xu 10%,2026-07-04 09:42:59
SCRAPE-0781,5591083646762,GrabMart,[Freeship] Kem dưỡng ẩm Maybelline 250ml,226000,219000,,2026-06-30 07:35:58
SCRAPE-0782,4206613332616,Lazada,Giá sỉ Dầu gội CeraVe 100ml,433000,309000,Giảm 50K đơn 300K,2026-07-02 14:39:22
SCRAPE-0783,4206613332616,TikTok Shop,Auth 100% Dầu gội CeraVe 100ml,403000,363000,Hoàn xu 10%,2026-07-05 02:54:14
SCRAPE-0784,4206613332616,Lazada,Dầu gội CeraVe 100ml Auth 100%,425000,366000,Giảm 15k cho đơn từ 150k,2026-07-01 08:41:44
SCRAPE-0785,4206613332616,Lazada,Date mới Dầu gội CeraVe 100ml,350000,260000,Giảm 15k cho đơn từ 150k,2026-06-30 02:24:25
SCRAPE-0786,4206613332616,Shopee,Dầu gội CeraVe 100ml Date mới,428000,310000,Giảm 15k cho đơn từ 150k,2026-06-30 18:53:11
SCRAPE-0787,3582635858340,Lazada,Auth 100% Toner L'Oreal 30ml,136000,108000,,2026-07-05 14:06:35
SCRAPE-0788,3582635858340,GrabMart,Giá sỉ Toner L'Oreal 30ml,132000,94000,Hoàn xu 10%,2026-07-03 04:44:28
SCRAPE-0789,3582635858340,Shopee,Toner L'Oreal 30ml Date mới,139000,126000,,2026-07-05 04:47:34
SCRAPE-0790,6787273816633,Lazada,Kem chống nắng Maybelline 250ml Date mới,1031000,901000,Giảm 50K đơn 300K,2026-06-29 19:48:52
SCRAPE-0791,6787273816633,GrabMart,Kem chống nắng Maybelline 250ml Chính hãng,976000,951000,Giảm 15k cho đơn từ 150k,2026-07-05 02:18:12
SCRAPE-0792,6787273816633,GrabMart,Kem chống nắng Maybelline 250ml Auth 100%,1110000,847000,Hoàn xu 10%,2026-07-03 17:17:58
SCRAPE-0793,6787273816633,GrabMart,Kem chống nắng Maybelline 250ml Chính hãng,1013000,732000,Freeship extra,2026-07-03 04:23:31
SCRAPE-0794,6787273816633,TikTok Shop,Kem chống nắng Maybelline 250ml Auth 100%,1295000,1250000,Freeship extra,2026-07-01 03:12:56
SCRAPE-0795,9350501062586,GrabMart,Kem chống nắng Cetaphil 150g [Freeship],152000,133000,Freeship extra,2026-07-05 00:09:52
SCRAPE-0796,9350501062586,Lazada,Kem chống nắng Cetaphil 150g Chính hãng,170000,126000,Freeship extra,2026-07-03 13:02:46
SCRAPE-0797,9350501062586,GrabMart,Kem chống nắng Cetaphil 150g Auth 100%,153000,124000,Hoàn xu 10%,2026-07-01 18:44:10
SCRAPE-0798,9350501062586,TikTok Shop,Kem chống nắng Cetaphil 150g Giá sỉ,153000,143000,,2026-06-30 12:53:12
