id,barcode,name,category,guardian_price,cost_price,image_url,description
1,8933321819605,Nước Hoa Hồng Tonic La Roche-Posay 500ml,Skincare,136000,82000.0,https://images.unsplash.com/photo-1556228578-0d85b1a4d571?w=500&auto=format&fit=crop&q=60,Nước cân bằng pH và làm sạch nhẹ nhàng sau khi rửa mặt. Hàng chính hãng phân phối tại Guardian Việt Nam.
2,8934828148939,Miếng Dán Giảm Đau Kirkland Signature 50ml,Health & Wellness,40000,24000.0,https://images.unsplash.com/photo-1550572017-edd951b55104?w=500&auto=format&fit=crop&q=60,Miếng dán giảm nhanh các cơn đau cơ và xương khớp. Hàng chính hãng phân phối tại Guardian Việt Nam.
3,8930978820817,Sữa Rửa Mặt Eucerin 50ml,Skincare,177000,106000.0,https://images.unsplash.com/photo-1556228578-0d85b1a4d571?w=500&auto=format&fit=crop&q=60,Sữa rửa mặt tạo bọt mịn giúp làm sạch bụi bẩn và bã nhờn. Hàng chính hãng phân phối tại Guardian Việt Nam.
4,8936073375436,Lăn Khử Mùi Pantene 100ml,Personal Care,69000,41000.0,https://images.unsplash.com/photo-1607006342411-9a90fb38ba796?w=500&auto=format&fit=crop&q=60,Lăn khử mùi giữ vùng dưới cánh tay khô thoáng suốt 48h. Hàng chính hãng phân phối tại Guardian Việt Nam.
5,8936872774348,Viên Uống Sáng Da Collagen Optimum Nutrition 30 viên,Health & Wellness,947000,568000.0,https://images.unsplash.com/photo-1471864190281-a93a3070b6de?w=500&auto=format&fit=crop&q=60,Bổ sung collagen giúp chống lão hóa và săn chắc da. Hàng chính hãng phân phối tại Guardian Việt Nam.
6,8939190586518,Sữa Rửa Mặt Eucerin 120 viên,Skincare,345000,207000.0,https://images.unsplash.com/photo-1601049541289-9b1b7bbbfe19?w=500&auto=format&fit=crop&q=60,Sữa rửa mặt tạo bọt mịn giúp làm sạch bụi bẩn và bã nhờn. Hàng chính hãng phân phối tại Guardian Việt Nam.
7,8931318699933,Kẻ Mắt Nước Eyeliner Black Rouge 500ml,Makeup,293000,176000.0,https://images.unsplash.com/photo-1625093742435-6fa192b6fb10?w=500&auto=format&fit=crop&q=60,"Bút kẻ mắt nước sắc mảnh, dễ vẽ cho đôi mắt cuốn hút. Hàng chính hãng phân phối tại Guardian Việt Nam."
8,8937710932487,Dầu Xả Phục Hồi Sensodyne 500ml,Personal Care,94000,56000.0,https://images.unsplash.com/photo-1540555700478-4be289fbecef?w=500&auto=format&fit=crop&q=60,Dầu xả phục hồi tóc hư tổn từ sâu bên trong. Hàng chính hãng phân phối tại Guardian Việt Nam.
9,8930748217595,Sữa Tắm Dưỡng Ẩm Colgate 120 viên,Personal Care,148000,89000.0,https://images.unsplash.com/photo-1540555700478-4be289fbecef?w=500&auto=format&fit=crop&q=60,Sữa tắm làm sạch cơ thể và bổ sung dưỡng chất dưỡng ẩm. Hàng chính hãng phân phối tại Guardian Việt Nam.
10,8935377351580,Viên Uống Dầu Cá Fish Oil Panadol Hộp 3 cái,Health & Wellness,626000,376000.0,https://images.unsplash.com/photo-1584017911766-d451b3d0e843?w=500&auto=format&fit=crop&q=60,Bổ sung Omega-3 hỗ trợ sức khỏe tim mạch và trí não. Hàng chính hãng phân phối tại Guardian Việt Nam.
11,8935165604942,Kem Dưỡng Ẩm L'Oreal Paris 30 viên,Skincare,519000,311000.0,https://images.unsplash.com/photo-1556228578-0d85b1a4d571?w=500&auto=format&fit=crop&q=60,Kem dưỡng ẩm cung cấp độ ẩm cần thiết giúp da luôn mịn màng. Hàng chính hãng phân phối tại Guardian Việt Nam.
12,8931645352181,Miếng Dán Giảm Đau Optimum Nutrition 30 viên,Health & Wellness,35000,21000.0,https://images.unsplash.com/photo-1611926653458-09294b3142bf?w=500&auto=format&fit=crop&q=60,Miếng dán giảm nhanh các cơn đau cơ và xương khớp. Hàng chính hãng phân phối tại Guardian Việt Nam.
13,8931888059298,Son Kem Lì Black Rouge 500ml,Makeup,318000,191000.0,https://images.unsplash.com/photo-1596462502278-27bfdc403348?w=500&auto=format&fit=crop&q=60,"Son kem lì mềm mịn, lâu trôi và lên màu chuẩn. Hàng chính hãng phân phối tại Guardian Việt Nam."
14,8935153195209,Lăn Khử Mùi Lifebuoy 50ml,Personal Care,86000,52000.0,https://images.unsplash.com/photo-1616683693504-3ea7e9ad6fec?w=500&auto=format&fit=crop&q=60,Lăn khử mùi giữ vùng dưới cánh tay khô thoáng suốt 48h. Hàng chính hãng phân phối tại Guardian Việt Nam.
15,8931727155181,Viên Uống Dầu Cá Fish Oil Nature's Way 150ml,Health & Wellness,554000,332000.0,https://images.unsplash.com/photo-1550572017-edd951b55104?w=500&auto=format&fit=crop&q=60,Bổ sung Omega-3 hỗ trợ sức khỏe tim mạch và trí não. Hàng chính hãng phân phối tại Guardian Việt Nam.
16,8934696325951,Son Kem Lì Black Rouge 50ml,Makeup,220000,132000.0,https://images.unsplash.com/photo-1596462502278-27bfdc403348?w=500&auto=format&fit=crop&q=60,"Son kem lì mềm mịn, lâu trôi và lên màu chuẩn. Hàng chính hãng phân phối tại Guardian Việt Nam."
17,8932785854979,Miếng Dán Giảm Đau Mega We Care 30g,Health & Wellness,45000,27000.0,https://images.unsplash.com/photo-1611926653458-09294b3142bf?w=500&auto=format&fit=crop&q=60,Miếng dán giảm nhanh các cơn đau cơ và xương khớp. Hàng chính hãng phân phối tại Guardian Việt Nam.
18,8936122753048,Bao Cao Su Mega We Care 100ml,Health & Wellness,151000,91000.0,https://images.unsplash.com/photo-1611926653458-09294b3142bf?w=500&auto=format&fit=crop&q=60,Sản phẩm hỗ trợ tình dục an toàn và thăng hoa. Hàng chính hãng phân phối tại Guardian Việt Nam.
19,8935243106900,Viên Uống Vitamin C Nature's Way 100g,Health & Wellness,276000,166000.0,https://images.unsplash.com/photo-1611926653458-09294b3142bf?w=500&auto=format&fit=crop&q=60,Tăng cường hệ miễn dịch và dưỡng sáng da từ bên trong. Hàng chính hãng phân phối tại Guardian Việt Nam.
20,8932048996422,Nước Tẩy Trang L'Oreal Paris Hộp 3 cái,Skincare,0,0.0,https://images.unsplash.com/photo-1601049541289-9b1b7bbbfe19?w=500&auto=format&fit=crop&q=60,"Nước tẩy trang làm sạch sâu, dịu nhẹ cho mọi loại da. Hàng chính hãng phân phối tại Guardian Việt Nam."
21,8936504773589,Nước Súc Miệng Listerine 60 viên,Personal Care,173000,104000.0,https://images.unsplash.com/photo-1540555700478-4be289fbecef?w=500&auto=format&fit=crop&q=60,"Nước súc miệng diệt khuẩn, bảo vệ nướu vượt trội. Hàng chính hãng phân phối tại Guardian Việt Nam."
22,8937979688682,Mascara Dài Mi Estee Lauder 100ml,Makeup,110000,66000.0,https://images.unsplash.com/photo-1512496015851-a90fb38ba796?w=500&auto=format&fit=crop&q=60,"Mascara làm dày và dài mi, chống trôi nước. Hàng chính hãng phân phối tại Guardian Việt Nam."
23,8939662782820,Kẹo Ngậm Đau Họng Salonpas 150ml,Health & Wellness,47000,28000.0,https://images.unsplash.com/photo-1550572017-edd951b55104?w=500&auto=format&fit=crop&q=60,"Làm dịu cổ họng, giảm ho và ngứa rát tức thì. Hàng chính hãng phân phối tại Guardian Việt Nam."
24,8938636374542,Viên Uống Dầu Cá Fish Oil Strepsils Hộp 10 cái,Health & Wellness,604000,362000.0,https://images.unsplash.com/photo-1611926653458-09294b3142bf?w=500&auto=format&fit=crop&q=60,Bổ sung Omega-3 hỗ trợ sức khỏe tim mạch và trí não. Hàng chính hãng phân phối tại Guardian Việt Nam.
25,8936965827104,Sữa Rửa Mặt Senka 150ml,Skincare,115000,69000.0,https://images.unsplash.com/photo-1556228578-0d85b1a4d571?w=500&auto=format&fit=crop&q=60,Sữa rửa mặt tạo bọt mịn giúp làm sạch bụi bẩn và bã nhờn. Hàng chính hãng phân phối tại Guardian Việt Nam.
26,8937383206038,Phấn Phủ Dạng Bột Focallure 60 viên,Makeup,434000,260000.0,https://images.unsplash.com/photo-1512496015851-a90fb38ba796?w=500&auto=format&fit=crop&q=60,"Phấn phủ kiềm dầu hiệu quả, giữ lớp trang điểm lâu trôi. Hàng chính hãng phân phối tại Guardian Việt Nam."
27,8936253244729,Viên Uống Dầu Cá Fish Oil Durex 50g,Health & Wellness,286000,172000.0,https://images.unsplash.com/photo-1611926653458-09294b3142bf?w=500&auto=format&fit=crop&q=60,Bổ sung Omega-3 hỗ trợ sức khỏe tim mạch và trí não. Hàng chính hãng phân phối tại Guardian Việt Nam.
28,8939391725136,Kem Dưỡng Ẩm Bioderma 30g,Skincare,514000,308000.0,https://images.unsplash.com/photo-1601049541289-9b1b7bbbfe19?w=500&auto=format&fit=crop&q=60,Kem dưỡng ẩm cung cấp độ ẩm cần thiết giúp da luôn mịn màng. Hàng chính hãng phân phối tại Guardian Việt Nam.
29,8939380686875,Kem Đánh Răng Sensodyne Hộp 10 cái,Personal Care,105000,63000.0,https://images.unsplash.com/photo-1535585209827-a15fcdbc4c2d?w=500&auto=format&fit=crop&q=60,Kem đánh răng giúp răng trắng sáng và hơi thở thơm mát. Hàng chính hãng phân phối tại Guardian Việt Nam.
30,8935797279853,Kem Chống Nắng CeraVe 200ml,Skincare,330000,198000.0,https://images.unsplash.com/photo-1608248597481-496100c8c836?w=500&auto=format&fit=crop&q=60,Kem chống nắng bảo vệ da tối ưu dưới ánh nắng mặt trời. Hàng chính hãng phân phối tại Guardian Việt Nam.
31,8939725217528,Phấn Phủ Dạng Bột Romand 50g,Makeup,314000,188000.0,https://images.unsplash.com/photo-1522335789203-aabd1fc54bc9?w=500&auto=format&fit=crop&q=60,"Phấn phủ kiềm dầu hiệu quả, giữ lớp trang điểm lâu trôi. Hàng chính hãng phân phối tại Guardian Việt Nam."
32,8931197218119,Dầu Gội Mượt Tóc Head & Shoulders 50ml,Personal Care,147000,88000.0,https://images.unsplash.com/photo-1535585209827-a15fcdbc4c2d?w=500&auto=format&fit=crop&q=60,"Dầu gội sạch gàu, nuôi dưỡng tóc mềm mượt tự nhiên. Hàng chính hãng phân phối tại Guardian Việt Nam."
33,8938801994889,Serum Dưỡng Chất Klairs 50ml,Skincare,517000,310000.0,https://images.unsplash.com/photo-1598440947619-2c35fc9aa908?w=500&auto=format&fit=crop&q=60,Tinh chất dưỡng da chuyên sâu giúp cải thiện các vấn đề về da. Hàng chính hãng phân phối tại Guardian Việt Nam.
34,8930438057197,Sữa Tắm Dưỡng Ẩm Enchanteur 150ml,Personal Care,247000,148000.0,https://images.unsplash.com/photo-1535585209827-a15fcdbc4c2d?w=500&auto=format&fit=crop&q=60,Sữa tắm làm sạch cơ thể và bổ sung dưỡng chất dưỡng ẩm. Hàng chính hãng phân phối tại Guardian Việt Nam.
35,8930750110242,Nước Hoa Hồng Tonic Eucerin 150ml,Skincare,413000,248000.0,https://images.unsplash.com/photo-1556228578-0d85b1a4d571?w=500&auto=format&fit=crop&q=60,Nước cân bằng pH và làm sạch nhẹ nhàng sau khi rửa mặt. Hàng chính hãng phân phối tại Guardian Việt Nam.
36,8939142834117,Viên Uống Dầu Cá Fish Oil Mega We Care 150ml,Health & Wellness,270000,162000.0,https://images.unsplash.com/photo-1584017911766-d451b3d0e843?w=500&auto=format&fit=crop&q=60,Bổ sung Omega-3 hỗ trợ sức khỏe tim mạch và trí não. Hàng chính hãng phân phối tại Guardian Việt Nam.
37,8934137977237,Nước Hoa Hồng Tonic Eucerin 120 viên,Skincare,335000,201000.0,https://images.unsplash.com/photo-1608248597481-496100c8c836?w=500&auto=format&fit=crop&q=60,Nước cân bằng pH và làm sạch nhẹ nhàng sau khi rửa mặt. Hàng chính hãng phân phối tại Guardian Việt Nam.
38,8939849027706,Serum Dưỡng Chất Eucerin 50g,Skincare,512000,307000.0,https://images.unsplash.com/photo-1601049541289-9b1b7bbbfe19?w=500&auto=format&fit=crop&q=60,Tinh chất dưỡng da chuyên sâu giúp cải thiện các vấn đề về da. Hàng chính hãng phân phối tại Guardian Việt Nam.
39,8930867808568,Kẹo Ngậm Đau Họng Nature's Way 150ml,Health & Wellness,60000,36000.0,https://images.unsplash.com/photo-1611926653458-09294b3142bf?w=500&auto=format&fit=crop&q=60,"Làm dịu cổ họng, giảm ho và ngứa rát tức thì. Hàng chính hãng phân phối tại Guardian Việt Nam."
40,8930234132616,Viên Uống Vitamin C Salonpas 150ml,Health & Wellness,200000,120000.0,https://images.unsplash.com/photo-1584017911766-d451b3d0e843?w=500&auto=format&fit=crop&q=60,Tăng cường hệ miễn dịch và dưỡng sáng da từ bên trong. Hàng chính hãng phân phối tại Guardian Việt Nam.
41,8937570512041,Sữa Tắm Dưỡng Ẩm Rexona Hộp 10 cái,Personal Care,173000,104000.0,https://images.unsplash.com/photo-1607006342411-9a90fb38ba796?w=500&auto=format&fit=crop&q=60,Sữa tắm làm sạch cơ thể và bổ sung dưỡng chất dưỡng ẩm. Hàng chính hãng phân phối tại Guardian Việt Nam.
42,8935118102204,Kem Đánh Răng Nivea 120 viên,Personal Care,56000,34000.0,https://images.unsplash.com/photo-1607006342411-9a90fb38ba796?w=500&auto=format&fit=crop&q=60,Kem đánh răng giúp răng trắng sáng và hơi thở thơm mát. Hàng chính hãng phân phối tại Guardian Việt Nam.
43,8937279194098,Phấn Má Hồng Blush 3CE 30g,Makeup,320000,192000.0,https://images.unsplash.com/photo-1522335789203-aabd1fc54bc9?w=500&auto=format&fit=crop&q=60,Phấn má hồng mang lại đôi má ửng hồng tự nhiên. Hàng chính hãng phân phối tại Guardian Việt Nam.
44,8935104636812,Nước Hoa Hồng Tonic Klairs 500ml,Skincare,285000,171000.0,https://images.unsplash.com/photo-1598440947619-2c35fc9aa908?w=500&auto=format&fit=crop&q=60,Nước cân bằng pH và làm sạch nhẹ nhàng sau khi rửa mặt. Hàng chính hãng phân phối tại Guardian Việt Nam.
45,8936609656992,Miếng Dán Giảm Đau Strepsils 200ml,Health & Wellness,98000,59000.0,https://images.unsplash.com/photo-1584017911766-d451b3d0e843?w=500&auto=format&fit=crop&q=60,Miếng dán giảm nhanh các cơn đau cơ và xương khớp. Hàng chính hãng phân phối tại Guardian Việt Nam.
46,8935014556163,Phấn Má Hồng Blush Focallure 60 viên,Makeup,154000,92000.0,https://images.unsplash.com/photo-1512496015851-a90fb38ba796?w=500&auto=format&fit=crop&q=60,Phấn má hồng mang lại đôi má ửng hồng tự nhiên. Hàng chính hãng phân phối tại Guardian Việt Nam.
47,8930782357844,Mascara Dài Mi 3CE 30 viên,Makeup,303000,182000.0,https://images.unsplash.com/photo-1512496015851-a90fb38ba796?w=500&auto=format&fit=crop&q=60,"Mascara làm dày và dài mi, chống trôi nước. Hàng chính hãng phân phối tại Guardian Việt Nam."
48,8938276153965,Kẹo Ngậm Đau Họng Nature's Way 200ml,Health & Wellness,44000,26000.0,https://images.unsplash.com/photo-1550572017-edd951b55104?w=500&auto=format&fit=crop&q=60,"Làm dịu cổ họng, giảm ho và ngứa rát tức thì. Hàng chính hãng phân phối tại Guardian Việt Nam."
49,8930097519715,Kẹo Ngậm Đau Họng Mega We Care 30g,Health & Wellness,24000,14000.0,https://images.unsplash.com/photo-1550572017-edd951b55104?w=500&auto=format&fit=crop&q=60,"Làm dịu cổ họng, giảm ho và ngứa rát tức thì. Hàng chính hãng phân phối tại Guardian Việt Nam."
50,8931496739384,Sữa Tắm Dưỡng Ẩm Lifebuoy Hộp 10 cái,Personal Care,158000,95000.0,https://images.unsplash.com/photo-1535585209827-a15fcdbc4c2d?w=500&auto=format&fit=crop&q=60,Sữa tắm làm sạch cơ thể và bổ sung dưỡng chất dưỡng ẩm. Hàng chính hãng phân phối tại Guardian Việt Nam.
51,8933461571739,Son Kem Lì Merzy 50g,Makeup,193000,116000.0,https://images.unsplash.com/photo-1522335789203-aabd1fc54bc9?w=500&auto=format&fit=crop&q=60,"Son kem lì mềm mịn, lâu trôi và lên màu chuẩn. Hàng chính hãng phân phối tại Guardian Việt Nam."
52,8938837340315,Sữa Rửa Mặt L'Oreal Paris Hộp 10 cái,Skincare,158000,95000.0,https://images.unsplash.com/photo-1598440947619-2c35fc9aa908?w=500&auto=format&fit=crop&q=60,Sữa rửa mặt tạo bọt mịn giúp làm sạch bụi bẩn và bã nhờn. Hàng chính hãng phân phối tại Guardian Việt Nam.
53,8932799077265,Nước Hoa Hồng Tonic Some By Mi 500ml,Skincare,217000,130000.0,https://images.unsplash.com/photo-1601049541289-9b1b7bbbfe19?w=500&auto=format&fit=crop&q=60,Nước cân bằng pH và làm sạch nhẹ nhàng sau khi rửa mặt. Hàng chính hãng phân phối tại Guardian Việt Nam.
54,8932231059279,Dầu Xả Phục Hồi Pantene Hộp 3 cái,Personal Care,158000,95000.0,https://images.unsplash.com/photo-1616683693504-3ea7e9ad6fec?w=500&auto=format&fit=crop&q=60,Dầu xả phục hồi tóc hư tổn từ sâu bên trong. Hàng chính hãng phân phối tại Guardian Việt Nam.
55,8937146273017,Sữa Rửa Mặt Bioderma 500ml,Skincare,225000,135000.0,https://images.unsplash.com/photo-1598440947619-2c35fc9aa908?w=500&auto=format&fit=crop&q=60,Sữa rửa mặt tạo bọt mịn giúp làm sạch bụi bẩn và bã nhờn. Hàng chính hãng phân phối tại Guardian Việt Nam.
56,8933250124955,Nước Tẩy Trang L'Oreal Paris 60 viên,Skincare,0,0.0,https://images.unsplash.com/photo-1608248597481-496100c8c836?w=500&auto=format&fit=crop&q=60,"Nước tẩy trang làm sạch sâu, dịu nhẹ cho mọi loại da. Hàng chính hãng phân phối tại Guardian Việt Nam."
57,8931187734773,Kẻ Mắt Nước Eyeliner L'Oreal Paris 60 viên,Makeup,222000,133000.0,https://images.unsplash.com/photo-1512496015851-a90fb38ba796?w=500&auto=format&fit=crop&q=60,"Bút kẻ mắt nước sắc mảnh, dễ vẽ cho đôi mắt cuốn hút. Hàng chính hãng phân phối tại Guardian Việt Nam."
58,8931987635140,Sữa Rửa Mặt L'Oreal Paris 500ml,Skincare,345000,207000.0,https://images.unsplash.com/photo-1601049541289-9b1b7bbbfe19?w=500&auto=format&fit=crop&q=60,Sữa rửa mặt tạo bọt mịn giúp làm sạch bụi bẩn và bã nhờn. Hàng chính hãng phân phối tại Guardian Việt Nam.
59,8935409003487,Sữa Tắm Dưỡng Ẩm Pantene 100g,Personal Care,171000,103000.0,https://images.unsplash.com/photo-1616683693504-3ea7e9ad6fec?w=500&auto=format&fit=crop&q=60,Sữa tắm làm sạch cơ thể và bổ sung dưỡng chất dưỡng ẩm. Hàng chính hãng phân phối tại Guardian Việt Nam.
60,8932639343628,Kem Đánh Răng TRESemme 50g,Personal Care,84000,50000.0,https://images.unsplash.com/photo-1535585209827-a15fcdbc4c2d?w=500&auto=format&fit=crop&q=60,Kem đánh răng giúp răng trắng sáng và hơi thở thơm mát. Hàng chính hãng phân phối tại Guardian Việt Nam.
61,8935201777494,Kẹo Ngậm Đau Họng Strepsils 100ml,Health & Wellness,58000,35000.0,https://images.unsplash.com/photo-1584017911766-d451b3d0e843?w=500&auto=format&fit=crop&q=60,"Làm dịu cổ họng, giảm ho và ngứa rát tức thì. Hàng chính hãng phân phối tại Guardian Việt Nam."
62,8931941680063,Dầu Xả Phục Hồi Pantene 150ml,Personal Care,121000,73000.0,https://images.unsplash.com/photo-1607006342411-9a90fb38ba796?w=500&auto=format&fit=crop&q=60,Dầu xả phục hồi tóc hư tổn từ sâu bên trong. Hàng chính hãng phân phối tại Guardian Việt Nam.
63,8930054522802,Dầu Xả Phục Hồi Head & Shoulders 30 viên,Personal Care,302000,181000.0,https://images.unsplash.com/photo-1607006342411-9a90fb38ba796?w=500&auto=format&fit=crop&q=60,Dầu xả phục hồi tóc hư tổn từ sâu bên trong. Hàng chính hãng phân phối tại Guardian Việt Nam.
64,8938485200894,Dầu Gội Mượt Tóc Head & Shoulders 30 viên,Personal Care,148000,89000.0,https://images.unsplash.com/photo-1535585209827-a15fcdbc4c2d?w=500&auto=format&fit=crop&q=60,"Dầu gội sạch gàu, nuôi dưỡng tóc mềm mượt tự nhiên. Hàng chính hãng phân phối tại Guardian Việt Nam."
65,8932877725194,Viên Uống Vitamin C Optimum Nutrition Hộp 10 cái,Health & Wellness,498000,299000.0,https://images.unsplash.com/photo-1471864190281-a93a3070b6de?w=500&auto=format&fit=crop&q=60,Tăng cường hệ miễn dịch và dưỡng sáng da từ bên trong. Hàng chính hãng phân phối tại Guardian Việt Nam.
66,8932007494655,Kem Dưỡng Ẩm Some By Mi 500ml,Skincare,373000,224000.0,https://images.unsplash.com/photo-1601049541289-9b1b7bbbfe19?w=500&auto=format&fit=crop&q=60,Kem dưỡng ẩm cung cấp độ ẩm cần thiết giúp da luôn mịn màng. Hàng chính hãng phân phối tại Guardian Việt Nam.
67,8937580304681,Kem Dưỡng Ẩm CeraVe 100g,Skincare,621000,373000.0,https://images.unsplash.com/photo-1601049541289-9b1b7bbbfe19?w=500&auto=format&fit=crop&q=60,Kem dưỡng ẩm cung cấp độ ẩm cần thiết giúp da luôn mịn màng. Hàng chính hãng phân phối tại Guardian Việt Nam.
68,8930653331539,Kem Dưỡng Ẩm Anessa 30 viên,Skincare,649000,389000.0,https://images.unsplash.com/photo-1598440947619-2c35fc9aa908?w=500&auto=format&fit=crop&q=60,Kem dưỡng ẩm cung cấp độ ẩm cần thiết giúp da luôn mịn màng. Hàng chính hãng phân phối tại Guardian Việt Nam.
69,8939033373633,Kẹo Ngậm Đau Họng Panadol 50g,Health & Wellness,35000,21000.0,https://images.unsplash.com/photo-1471864190281-a93a3070b6de?w=500&auto=format&fit=crop&q=60,"Làm dịu cổ họng, giảm ho và ngứa rát tức thì. Hàng chính hãng phân phối tại Guardian Việt Nam."
70,8939741218202,Son Kem Lì Focallure 30g,Makeup,436000,262000.0,https://images.unsplash.com/photo-1625093742435-6fa192b6fb10?w=500&auto=format&fit=crop&q=60,"Son kem lì mềm mịn, lâu trôi và lên màu chuẩn. Hàng chính hãng phân phối tại Guardian Việt Nam."
71,8938372742209,Viên Uống Dầu Cá Fish Oil Durex 100ml,Health & Wellness,355000,213000.0,https://images.unsplash.com/photo-1611926653458-09294b3142bf?w=500&auto=format&fit=crop&q=60,Bổ sung Omega-3 hỗ trợ sức khỏe tim mạch và trí não. Hàng chính hãng phân phối tại Guardian Việt Nam.
72,8930397524501,Mascara Dài Mi Black Rouge 200ml,Makeup,237000,142000.0,https://images.unsplash.com/photo-1625093742435-6fa192b6fb10?w=500&auto=format&fit=crop&q=60,"Mascara làm dày và dài mi, chống trôi nước. Hàng chính hãng phân phối tại Guardian Việt Nam."
73,8933705024977,Viên Uống Sáng Da Collagen Salonpas 200ml,Health & Wellness,1114000,668000.0,https://images.unsplash.com/photo-1611926653458-09294b3142bf?w=500&auto=format&fit=crop&q=60,Bổ sung collagen giúp chống lão hóa và săn chắc da. Hàng chính hãng phân phối tại Guardian Việt Nam.
74,8938435797863,Kẻ Mắt Nước Eyeliner Maybelline New York 100ml,Makeup,263000,158000.0,https://images.unsplash.com/photo-1596462502278-27bfdc403348?w=500&auto=format&fit=crop&q=60,"Bút kẻ mắt nước sắc mảnh, dễ vẽ cho đôi mắt cuốn hút. Hàng chính hãng phân phối tại Guardian Việt Nam."
75,8934209548143,Viên Uống Vitamin C Durex 60 viên,Health & Wellness,451000,271000.0,https://images.unsplash.com/photo-1471864190281-a93a3070b6de?w=500&auto=format&fit=crop&q=60,Tăng cường hệ miễn dịch và dưỡng sáng da từ bên trong. Hàng chính hãng phân phối tại Guardian Việt Nam.
76,8936888718985,Phấn Má Hồng Blush Estee Lauder 50ml,Makeup,185000,111000.0,https://images.unsplash.com/photo-1596462502278-27bfdc403348?w=500&auto=format&fit=crop&q=60,Phấn má hồng mang lại đôi má ửng hồng tự nhiên. Hàng chính hãng phân phối tại Guardian Việt Nam.
77,8932562588967,Dầu Gội Mượt Tóc Listerine 50ml,Personal Care,205000,123000.0,https://images.unsplash.com/photo-1535585209827-a15fcdbc4c2d?w=500&auto=format&fit=crop&q=60,"Dầu gội sạch gàu, nuôi dưỡng tóc mềm mượt tự nhiên. Hàng chính hãng phân phối tại Guardian Việt Nam."
78,8932437654568,Miếng Dán Giảm Đau DHC 50ml,Health & Wellness,44000,26000.0,https://images.unsplash.com/photo-1550572017-edd951b55104?w=500&auto=format&fit=crop&q=60,Miếng dán giảm nhanh các cơn đau cơ và xương khớp. Hàng chính hãng phân phối tại Guardian Việt Nam.
79,8939162475543,Mascara Dài Mi L'Oreal Paris 500ml,Makeup,129000,77000.0,https://images.unsplash.com/photo-1522335789203-aabd1fc54bc9?w=500&auto=format&fit=crop&q=60,"Mascara làm dày và dài mi, chống trôi nước. Hàng chính hãng phân phối tại Guardian Việt Nam."
80,8932408916497,Lăn Khử Mùi Head & Shoulders 500ml,Personal Care,112000,67000.0,https://images.unsplash.com/photo-1535585209827-a15fcdbc4c2d?w=500&auto=format&fit=crop&q=60,Lăn khử mùi giữ vùng dưới cánh tay khô thoáng suốt 48h. Hàng chính hãng phân phối tại Guardian Việt Nam.
81,8934945147549,Viên Uống Sáng Da Collagen Kirkland Signature 120 viên,Health & Wellness,1146000,688000.0,https://images.unsplash.com/photo-1584017911766-d451b3d0e843?w=500&auto=format&fit=crop&q=60,Bổ sung collagen giúp chống lão hóa và săn chắc da. Hàng chính hãng phân phối tại Guardian Việt Nam.
82,8932418623699,Dầu Xả Phục Hồi TRESemme 50g,Personal Care,105000,63000.0,https://images.unsplash.com/photo-1535585209827-a15fcdbc4c2d?w=500&auto=format&fit=crop&q=60,Dầu xả phục hồi tóc hư tổn từ sâu bên trong. Hàng chính hãng phân phối tại Guardian Việt Nam.
83,8934721970545,Phấn Phủ Dạng Bột Focallure 100g,Makeup,360000,216000.0,https://images.unsplash.com/photo-1625093742435-6fa192b6fb10?w=500&auto=format&fit=crop&q=60,"Phấn phủ kiềm dầu hiệu quả, giữ lớp trang điểm lâu trôi. Hàng chính hãng phân phối tại Guardian Việt Nam."
84,8939925502721,Phấn Má Hồng Blush 3CE 120 viên,Makeup,382000,229000.0,https://images.unsplash.com/photo-1512496015851-a90fb38ba796?w=500&auto=format&fit=crop&q=60,Phấn má hồng mang lại đôi má ửng hồng tự nhiên. Hàng chính hãng phân phối tại Guardian Việt Nam.
85,8936582631283,Phấn Má Hồng Blush Estee Lauder 150ml,Makeup,182000,109000.0,https://images.unsplash.com/photo-1625093742435-6fa192b6fb10?w=500&auto=format&fit=crop&q=60,Phấn má hồng mang lại đôi má ửng hồng tự nhiên. Hàng chính hãng phân phối tại Guardian Việt Nam.
86,8939423767691,Dầu Gội Mượt Tóc Rexona 60 viên,Personal Care,276000,166000.0,https://images.unsplash.com/photo-1616683693504-3ea7e9ad6fec?w=500&auto=format&fit=crop&q=60,"Dầu gội sạch gàu, nuôi dưỡng tóc mềm mượt tự nhiên. Hàng chính hãng phân phối tại Guardian Việt Nam."
87,8933002156326,Dầu Gội Mượt Tóc Listerine 50ml,Personal Care,103000,62000.0,https://images.unsplash.com/photo-1535585209827-a15fcdbc4c2d?w=500&auto=format&fit=crop&q=60,"Dầu gội sạch gàu, nuôi dưỡng tóc mềm mượt tự nhiên. Hàng chính hãng phân phối tại Guardian Việt Nam."
88,8932948978610,Kem Nền Liquid Foundation L'Oreal Paris 50g,Makeup,557000,334000.0,https://images.unsplash.com/photo-1522335789203-aabd1fc54bc9?w=500&auto=format&fit=crop&q=60,"Kem nền che khuyết điểm hoàn hảo, mỏng nhẹ tự nhiên. Hàng chính hãng phân phối tại Guardian Việt Nam."
89,8938591679546,Dầu Gội Mượt Tóc Head & Shoulders 60 viên,Personal Care,109000,65000.0,https://images.unsplash.com/photo-1607006342411-9a90fb38ba796?w=500&auto=format&fit=crop&q=60,"Dầu gội sạch gàu, nuôi dưỡng tóc mềm mượt tự nhiên. Hàng chính hãng phân phối tại Guardian Việt Nam."
90,8939803828721,Dầu Gội Mượt Tóc Dove Hộp 3 cái,Personal Care,139000,83000.0,https://images.unsplash.com/photo-1535585209827-a15fcdbc4c2d?w=500&auto=format&fit=crop&q=60,"Dầu gội sạch gàu, nuôi dưỡng tóc mềm mượt tự nhiên. Hàng chính hãng phân phối tại Guardian Việt Nam."
91,8937753312666,Phấn Má Hồng Blush 3CE 100ml,Makeup,154000,92000.0,https://images.unsplash.com/photo-1522335789203-aabd1fc54bc9?w=500&auto=format&fit=crop&q=60,Phấn má hồng mang lại đôi má ửng hồng tự nhiên. Hàng chính hãng phân phối tại Guardian Việt Nam.
92,8933567430008,Serum Dưỡng Chất La Roche-Posay 30 viên,Skincare,506000,304000.0,https://images.unsplash.com/photo-1598440947619-2c35fc9aa908?w=500&auto=format&fit=crop&q=60,Tinh chất dưỡng da chuyên sâu giúp cải thiện các vấn đề về da. Hàng chính hãng phân phối tại Guardian Việt Nam.
93,8935493059667,Nước Súc Miệng Dove Hộp 10 cái,Personal Care,153000,92000.0,https://images.unsplash.com/photo-1607006342411-9a90fb38ba796?w=500&auto=format&fit=crop&q=60,"Nước súc miệng diệt khuẩn, bảo vệ nướu vượt trội. Hàng chính hãng phân phối tại Guardian Việt Nam."
94,8932901935889,Son Kem Lì MAC 500ml,Makeup,425000,255000.0,https://images.unsplash.com/photo-1512496015851-a90fb38ba796?w=500&auto=format&fit=crop&q=60,"Son kem lì mềm mịn, lâu trôi và lên màu chuẩn. Hàng chính hãng phân phối tại Guardian Việt Nam."
95,8932894134757,Bao Cao Su Salonpas 100g,Health & Wellness,63000,38000.0,https://images.unsplash.com/photo-1471864190281-a93a3070b6de?w=500&auto=format&fit=crop&q=60,Sản phẩm hỗ trợ tình dục an toàn và thăng hoa. Hàng chính hãng phân phối tại Guardian Việt Nam.
96,8932434776959,Mascara Dài Mi MAC 30 viên,Makeup,242000,145000.0,https://images.unsplash.com/photo-1625093742435-6fa192b6fb10?w=500&auto=format&fit=crop&q=60,"Mascara làm dày và dài mi, chống trôi nước. Hàng chính hãng phân phối tại Guardian Việt Nam."
97,8930447314977,Kem Đánh Răng Nivea 30 viên,Personal Care,79000,47000.0,https://images.unsplash.com/photo-1616683693504-3ea7e9ad6fec?w=500&auto=format&fit=crop&q=60,Kem đánh răng giúp răng trắng sáng và hơi thở thơm mát. Hàng chính hãng phân phối tại Guardian Việt Nam.
98,8933318751093,Sữa Rửa Mặt La Roche-Posay Hộp 3 cái,Skincare,326000,196000.0,https://images.unsplash.com/photo-1608248597481-496100c8c836?w=500&auto=format&fit=crop&q=60,Sữa rửa mặt tạo bọt mịn giúp làm sạch bụi bẩn và bã nhờn. Hàng chính hãng phân phối tại Guardian Việt Nam.
99,8934409079775,Viên Uống Sáng Da Collagen Blackmores Hộp 3 cái,Health & Wellness,582000,349000.0,https://images.unsplash.com/photo-1471864190281-a93a3070b6de?w=500&auto=format&fit=crop&q=60,Bổ sung collagen giúp chống lão hóa và săn chắc da. Hàng chính hãng phân phối tại Guardian Việt Nam.
100,8936543588410,Kẻ Mắt Nước Eyeliner Merzy 200ml,Makeup,225000,135000.0,https://images.unsplash.com/photo-1596462502278-27bfdc403348?w=500&auto=format&fit=crop&q=60,"Bút kẻ mắt nước sắc mảnh, dễ vẽ cho đôi mắt cuốn hút. Hàng chính hãng phân phối tại Guardian Việt Nam."
101,8937903923551,Viên Uống Dầu Cá Fish Oil Mega We Care 30g,Health & Wellness,606000,364000.0,https://images.unsplash.com/photo-1584017911766-d451b3d0e843?w=500&auto=format&fit=crop&q=60,Bổ sung Omega-3 hỗ trợ sức khỏe tim mạch và trí não. Hàng chính hãng phân phối tại Guardian Việt Nam.
102,8930155029163,Kẻ Mắt Nước Eyeliner Merzy 100g,Makeup,224000,134000.0,https://images.unsplash.com/photo-1522335789203-aabd1fc54bc9?w=500&auto=format&fit=crop&q=60,"Bút kẻ mắt nước sắc mảnh, dễ vẽ cho đôi mắt cuốn hút. Hàng chính hãng phân phối tại Guardian Việt Nam."
103,8938653694555,Phấn Má Hồng Blush Black Rouge 50g,Makeup,175000,105000.0,https://images.unsplash.com/photo-1512496015851-a90fb38ba796?w=500&auto=format&fit=crop&q=60,Phấn má hồng mang lại đôi má ửng hồng tự nhiên. Hàng chính hãng phân phối tại Guardian Việt Nam.
104,8931773454757,Sữa Tắm Dưỡng Ẩm Sunsilk 120 viên,Personal Care,188000,113000.0,https://images.unsplash.com/photo-1616683693504-3ea7e9ad6fec?w=500&auto=format&fit=crop&q=60,Sữa tắm làm sạch cơ thể và bổ sung dưỡng chất dưỡng ẩm. Hàng chính hãng phân phối tại Guardian Việt Nam.
105,8930513717176,Kẹo Ngậm Đau Họng DHC Hộp 10 cái,Health & Wellness,28000,17000.0,https://images.unsplash.com/photo-1584017911766-d451b3d0e843?w=500&auto=format&fit=crop&q=60,"Làm dịu cổ họng, giảm ho và ngứa rát tức thì. Hàng chính hãng phân phối tại Guardian Việt Nam."
106,8936588339879,Serum Dưỡng Chất Senka Hộp 10 cái,Skincare,587000,352000.0,https://images.unsplash.com/photo-1556228578-0d85b1a4d571?w=500&auto=format&fit=crop&q=60,Tinh chất dưỡng da chuyên sâu giúp cải thiện các vấn đề về da. Hàng chính hãng phân phối tại Guardian Việt Nam.
107,8936069409602,Viên Uống Sáng Da Collagen Mega We Care Hộp 3 cái,Health & Wellness,409000,245000.0,https://images.unsplash.com/photo-1611926653458-09294b3142bf?w=500&auto=format&fit=crop&q=60,Bổ sung collagen giúp chống lão hóa và săn chắc da. Hàng chính hãng phân phối tại Guardian Việt Nam.
108,8932512073468,Kẻ Mắt Nước Eyeliner Black Rouge 150ml,Makeup,254000,152000.0,https://images.unsplash.com/photo-1512496015851-a90fb38ba796?w=500&auto=format&fit=crop&q=60,"Bút kẻ mắt nước sắc mảnh, dễ vẽ cho đôi mắt cuốn hút. Hàng chính hãng phân phối tại Guardian Việt Nam."
109,8931184254762,Kem Nền Liquid Foundation 3CE 100g,Makeup,490000,294000.0,https://images.unsplash.com/photo-1522335789203-aabd1fc54bc9?w=500&auto=format&fit=crop&q=60,"Kem nền che khuyết điểm hoàn hảo, mỏng nhẹ tự nhiên. Hàng chính hãng phân phối tại Guardian Việt Nam."
110,8931199537669,Viên Uống Vitamin C Panadol 30 viên,Health & Wellness,180000,108000.0,https://images.unsplash.com/photo-1584017911766-d451b3d0e843?w=500&auto=format&fit=crop&q=60,Tăng cường hệ miễn dịch và dưỡng sáng da từ bên trong. Hàng chính hãng phân phối tại Guardian Việt Nam.
111,8931311964250,Kẻ Mắt Nước Eyeliner Estee Lauder Hộp 3 cái,Makeup,230000,138000.0,https://images.unsplash.com/photo-1512496015851-a90fb38ba796?w=500&auto=format&fit=crop&q=60,"Bút kẻ mắt nước sắc mảnh, dễ vẽ cho đôi mắt cuốn hút. Hàng chính hãng phân phối tại Guardian Việt Nam."
112,8937151169664,Son Kem Lì Black Rouge 120 viên,Makeup,320000,192000.0,https://images.unsplash.com/photo-1625093742435-6fa192b6fb10?w=500&auto=format&fit=crop&q=60,"Son kem lì mềm mịn, lâu trôi và lên màu chuẩn. Hàng chính hãng phân phối tại Guardian Việt Nam."
113,8931499825084,Kem Chống Nắng Innisfree 200ml,Skincare,165000,99000.0,https://images.unsplash.com/photo-1556228578-0d85b1a4d571?w=500&auto=format&fit=crop&q=60,Kem chống nắng bảo vệ da tối ưu dưới ánh nắng mặt trời. Hàng chính hãng phân phối tại Guardian Việt Nam.
114,8938335090255,Viên Uống Dầu Cá Fish Oil Optimum Nutrition 120 viên,Health & Wellness,513000,308000.0,https://images.unsplash.com/photo-1611926653458-09294b3142bf?w=500&auto=format&fit=crop&q=60,Bổ sung Omega-3 hỗ trợ sức khỏe tim mạch và trí não. Hàng chính hãng phân phối tại Guardian Việt Nam.
115,8937496033583,Kẹo Ngậm Đau Họng DHC 120 viên,Health & Wellness,25000,15000.0,https://images.unsplash.com/photo-1471864190281-a93a3070b6de?w=500&auto=format&fit=crop&q=60,"Làm dịu cổ họng, giảm ho và ngứa rát tức thì. Hàng chính hãng phân phối tại Guardian Việt Nam."
116,8933447650472,Viên Uống Vitamin C Strepsils 50ml,Health & Wellness,496000,298000.0,https://images.unsplash.com/photo-1584017911766-d451b3d0e843?w=500&auto=format&fit=crop&q=60,Tăng cường hệ miễn dịch và dưỡng sáng da từ bên trong. Hàng chính hãng phân phối tại Guardian Việt Nam.
117,8938044210173,Lăn Khử Mùi Nivea 200ml,Personal Care,85000,51000.0,https://images.unsplash.com/photo-1607006342411-9a90fb38ba796?w=500&auto=format&fit=crop&q=60,Lăn khử mùi giữ vùng dưới cánh tay khô thoáng suốt 48h. Hàng chính hãng phân phối tại Guardian Việt Nam.
118,8937485953250,Dầu Xả Phục Hồi TRESemme 30g,Personal Care,295000,177000.0,https://images.unsplash.com/photo-1535585209827-a15fcdbc4c2d?w=500&auto=format&fit=crop&q=60,Dầu xả phục hồi tóc hư tổn từ sâu bên trong. Hàng chính hãng phân phối tại Guardian Việt Nam.
119,8933155516510,Nước Tẩy Trang Innisfree Hộp 3 cái,Skincare,0,0.0,https://images.unsplash.com/photo-1598440947619-2c35fc9aa908?w=500&auto=format&fit=crop&q=60,"Nước tẩy trang làm sạch sâu, dịu nhẹ cho mọi loại da. Hàng chính hãng phân phối tại Guardian Việt Nam."
120,8930900404764,Kem Chống Nắng L'Oreal Paris 50ml,Skincare,532000,319000.0,https://images.unsplash.com/photo-1608248597481-496100c8c836?w=500&auto=format&fit=crop&q=60,Kem chống nắng bảo vệ da tối ưu dưới ánh nắng mặt trời. Hàng chính hãng phân phối tại Guardian Việt Nam.
121,8932958292362,Kem Dưỡng Ẩm Senka 120 viên,Skincare,236000,142000.0,https://images.unsplash.com/photo-1598440947619-2c35fc9aa908?w=500&auto=format&fit=crop&q=60,Kem dưỡng ẩm cung cấp độ ẩm cần thiết giúp da luôn mịn màng. Hàng chính hãng phân phối tại Guardian Việt Nam.
122,8930290871825,Mascara Dài Mi Lemonade 100ml,Makeup,221000,133000.0,https://images.unsplash.com/photo-1512496015851-a90fb38ba796?w=500&auto=format&fit=crop&q=60,"Mascara làm dày và dài mi, chống trôi nước. Hàng chính hãng phân phối tại Guardian Việt Nam."
123,8939236534602,Kem Dưỡng Ẩm Some By Mi 100ml,Skincare,603000,362000.0,https://images.unsplash.com/photo-1556228578-0d85b1a4d571?w=500&auto=format&fit=crop&q=60,Kem dưỡng ẩm cung cấp độ ẩm cần thiết giúp da luôn mịn màng. Hàng chính hãng phân phối tại Guardian Việt Nam.
124,8934778948962,Nước Tẩy Trang Vichy Hộp 10 cái,Skincare,0,0.0,https://images.unsplash.com/photo-1601049541289-9b1b7bbbfe19?w=500&auto=format&fit=crop&q=60,"Nước tẩy trang làm sạch sâu, dịu nhẹ cho mọi loại da. Hàng chính hãng phân phối tại Guardian Việt Nam."
125,8935564343695,Kem Nền Liquid Foundation Estee Lauder 200ml,Makeup,660000,396000.0,https://images.unsplash.com/photo-1625093742435-6fa192b6fb10?w=500&auto=format&fit=crop&q=60,"Kem nền che khuyết điểm hoàn hảo, mỏng nhẹ tự nhiên. Hàng chính hãng phân phối tại Guardian Việt Nam."
126,8938599648629,Miếng Dán Giảm Đau Mega We Care 120 viên,Health & Wellness,86000,52000.0,https://images.unsplash.com/photo-1471864190281-a93a3070b6de?w=500&auto=format&fit=crop&q=60,Miếng dán giảm nhanh các cơn đau cơ và xương khớp. Hàng chính hãng phân phối tại Guardian Việt Nam.
127,8936936268943,Dầu Xả Phục Hồi Dove 200ml,Personal Care,145000,87000.0,https://images.unsplash.com/photo-1607006342411-9a90fb38ba796?w=500&auto=format&fit=crop&q=60,Dầu xả phục hồi tóc hư tổn từ sâu bên trong. Hàng chính hãng phân phối tại Guardian Việt Nam.
128,8935109109038,Nước Tẩy Trang La Roche-Posay 500ml,Skincare,0,0.0,https://images.unsplash.com/photo-1608248597481-496100c8c836?w=500&auto=format&fit=crop&q=60,"Nước tẩy trang làm sạch sâu, dịu nhẹ cho mọi loại da. Hàng chính hãng phân phối tại Guardian Việt Nam."
129,8938486899936,Phấn Phủ Dạng Bột Black Rouge 120 viên,Makeup,378000,227000.0,https://images.unsplash.com/photo-1522335789203-aabd1fc54bc9?w=500&auto=format&fit=crop&q=60,"Phấn phủ kiềm dầu hiệu quả, giữ lớp trang điểm lâu trôi. Hàng chính hãng phân phối tại Guardian Việt Nam."
130,8932252883754,Kem Chống Nắng L'Oreal Paris 100ml,Skincare,166000,100000.0,https://images.unsplash.com/photo-1601049541289-9b1b7bbbfe19?w=500&auto=format&fit=crop&q=60,Kem chống nắng bảo vệ da tối ưu dưới ánh nắng mặt trời. Hàng chính hãng phân phối tại Guardian Việt Nam.
131,8937075681426,Kem Chống Nắng L'Oreal Paris 100ml,Skincare,460000,276000.0,https://images.unsplash.com/photo-1608248597481-496100c8c836?w=500&auto=format&fit=crop&q=60,Kem chống nắng bảo vệ da tối ưu dưới ánh nắng mặt trời. Hàng chính hãng phân phối tại Guardian Việt Nam.
132,8934373476426,Serum Dưỡng Chất L'Oreal Paris 30g,Skincare,804000,482000.0,https://images.unsplash.com/photo-1608248597481-496100c8c836?w=500&auto=format&fit=crop&q=60,Tinh chất dưỡng da chuyên sâu giúp cải thiện các vấn đề về da. Hàng chính hãng phân phối tại Guardian Việt Nam.
133,8931189394067,Miếng Dán Giảm Đau Nature's Way 30g,Health & Wellness,66000,40000.0,https://images.unsplash.com/photo-1550572017-edd951b55104?w=500&auto=format&fit=crop&q=60,Miếng dán giảm nhanh các cơn đau cơ và xương khớp. Hàng chính hãng phân phối tại Guardian Việt Nam.
134,8932318297167,Serum Dưỡng Chất Klairs 200ml,Skincare,873000,524000.0,https://images.unsplash.com/photo-1556228578-0d85b1a4d571?w=500&auto=format&fit=crop&q=60,Tinh chất dưỡng da chuyên sâu giúp cải thiện các vấn đề về da. Hàng chính hãng phân phối tại Guardian Việt Nam.
135,8933638164320,Viên Uống Vitamin C Durex 30 viên,Health & Wellness,184000,110000.0,https://images.unsplash.com/photo-1611926653458-09294b3142bf?w=500&auto=format&fit=crop&q=60,Tăng cường hệ miễn dịch và dưỡng sáng da từ bên trong. Hàng chính hãng phân phối tại Guardian Việt Nam.
136,8931198756177,Kem Chống Nắng Klairs Hộp 3 cái,Skincare,413000,248000.0,https://images.unsplash.com/photo-1598440947619-2c35fc9aa908?w=500&auto=format&fit=crop&q=60,Kem chống nắng bảo vệ da tối ưu dưới ánh nắng mặt trời. Hàng chính hãng phân phối tại Guardian Việt Nam.
137,8935068826915,Phấn Phủ Dạng Bột Romand 30g,Makeup,404000,242000.0,https://images.unsplash.com/photo-1625093742435-6fa192b6fb10?w=500&auto=format&fit=crop&q=60,"Phấn phủ kiềm dầu hiệu quả, giữ lớp trang điểm lâu trôi. Hàng chính hãng phân phối tại Guardian Việt Nam."
138,8935082695825,Kẻ Mắt Nước Eyeliner Lemonade 50g,Makeup,204000,122000.0,https://images.unsplash.com/photo-1512496015851-a90fb38ba796?w=500&auto=format&fit=crop&q=60,"Bút kẻ mắt nước sắc mảnh, dễ vẽ cho đôi mắt cuốn hút. Hàng chính hãng phân phối tại Guardian Việt Nam."
139,8937312552359,Nước Tẩy Trang Anessa 200ml,Skincare,0,0.0,https://images.unsplash.com/photo-1556228578-0d85b1a4d571?w=500&auto=format&fit=crop&q=60,"Nước tẩy trang làm sạch sâu, dịu nhẹ cho mọi loại da. Hàng chính hãng phân phối tại Guardian Việt Nam."
140,8933552165052,Nước Tẩy Trang CeraVe 150ml,Skincare,0,0.0,https://images.unsplash.com/photo-1598440947619-2c35fc9aa908?w=500&auto=format&fit=crop&q=60,"Nước tẩy trang làm sạch sâu, dịu nhẹ cho mọi loại da. Hàng chính hãng phân phối tại Guardian Việt Nam."
141,8932867963254,Sữa Tắm Dưỡng Ẩm Nivea 500ml,Personal Care,230000,138000.0,https://images.unsplash.com/photo-1616683693504-3ea7e9ad6fec?w=500&auto=format&fit=crop&q=60,Sữa tắm làm sạch cơ thể và bổ sung dưỡng chất dưỡng ẩm. Hàng chính hãng phân phối tại Guardian Việt Nam.
142,8939819878093,Kem Đánh Răng Pantene 50g,Personal Care,126000,76000.0,https://images.unsplash.com/photo-1535585209827-a15fcdbc4c2d?w=500&auto=format&fit=crop&q=60,Kem đánh răng giúp răng trắng sáng và hơi thở thơm mát. Hàng chính hãng phân phối tại Guardian Việt Nam.
143,8936018364723,Dầu Gội Mượt Tóc Listerine 50ml,Personal Care,133000,80000.0,https://images.unsplash.com/photo-1540555700478-4be289fbecef?w=500&auto=format&fit=crop&q=60,"Dầu gội sạch gàu, nuôi dưỡng tóc mềm mượt tự nhiên. Hàng chính hãng phân phối tại Guardian Việt Nam."
144,8933220125609,Kẻ Mắt Nước Eyeliner Lemonade 30 viên,Makeup,234000,140000.0,https://images.unsplash.com/photo-1596462502278-27bfdc403348?w=500&auto=format&fit=crop&q=60,"Bút kẻ mắt nước sắc mảnh, dễ vẽ cho đôi mắt cuốn hút. Hàng chính hãng phân phối tại Guardian Việt Nam."
145,8935229462099,Son Kem Lì MAC 60 viên,Makeup,222000,133000.0,https://images.unsplash.com/photo-1512496015851-a90fb38ba796?w=500&auto=format&fit=crop&q=60,"Son kem lì mềm mịn, lâu trôi và lên màu chuẩn. Hàng chính hãng phân phối tại Guardian Việt Nam."
146,8935712901500,Kem Chống Nắng Innisfree Hộp 10 cái,Skincare,393000,236000.0,https://images.unsplash.com/photo-1556228578-0d85b1a4d571?w=500&auto=format&fit=crop&q=60,Kem chống nắng bảo vệ da tối ưu dưới ánh nắng mặt trời. Hàng chính hãng phân phối tại Guardian Việt Nam.
147,8932374077949,Serum Dưỡng Chất Klairs 100ml,Skincare,560000,336000.0,https://images.unsplash.com/photo-1608248597481-496100c8c836?w=500&auto=format&fit=crop&q=60,Tinh chất dưỡng da chuyên sâu giúp cải thiện các vấn đề về da. Hàng chính hãng phân phối tại Guardian Việt Nam.
148,8937832748836,Serum Dưỡng Chất Senka 50ml,Skincare,649000,389000.0,https://images.unsplash.com/photo-1598440947619-2c35fc9aa908?w=500&auto=format&fit=crop&q=60,Tinh chất dưỡng da chuyên sâu giúp cải thiện các vấn đề về da. Hàng chính hãng phân phối tại Guardian Việt Nam.
149,8930678214176,Kem Dưỡng Ẩm Innisfree Hộp 3 cái,Skincare,434000,260000.0,https://images.unsplash.com/photo-1598440947619-2c35fc9aa908?w=500&auto=format&fit=crop&q=60,Kem dưỡng ẩm cung cấp độ ẩm cần thiết giúp da luôn mịn màng. Hàng chính hãng phân phối tại Guardian Việt Nam.
150,8932265401655,Kem Đánh Răng Rexona Hộp 10 cái,Personal Care,109000,65000.0,https://images.unsplash.com/photo-1616683693504-3ea7e9ad6fec?w=500&auto=format&fit=crop&q=60,Kem đánh răng giúp răng trắng sáng và hơi thở thơm mát. Hàng chính hãng phân phối tại Guardian Việt Nam.
151,8937917763341,Nước Súc Miệng Sensodyne Hộp 10 cái,Personal Care,135000,81000.0,https://images.unsplash.com/photo-1535585209827-a15fcdbc4c2d?w=500&auto=format&fit=crop&q=60,"Nước súc miệng diệt khuẩn, bảo vệ nướu vượt trội. Hàng chính hãng phân phối tại Guardian Việt Nam."
152,8933288098327,Nước Tẩy Trang Klairs 60 viên,Skincare,0,0.0,https://images.unsplash.com/photo-1556228578-0d85b1a4d571?w=500&auto=format&fit=crop&q=60,"Nước tẩy trang làm sạch sâu, dịu nhẹ cho mọi loại da. Hàng chính hãng phân phối tại Guardian Việt Nam."
153,8930838688892,Kẻ Mắt Nước Eyeliner Estee Lauder 100g,Makeup,121000,73000.0,https://images.unsplash.com/photo-1625093742435-6fa192b6fb10?w=500&auto=format&fit=crop&q=60,"Bút kẻ mắt nước sắc mảnh, dễ vẽ cho đôi mắt cuốn hút. Hàng chính hãng phân phối tại Guardian Việt Nam."
154,8933126168502,Phấn Má Hồng Blush L'Oreal Paris 100g,Makeup,372000,223000.0,https://images.unsplash.com/photo-1522335789203-aabd1fc54bc9?w=500&auto=format&fit=crop&q=60,Phấn má hồng mang lại đôi má ửng hồng tự nhiên. Hàng chính hãng phân phối tại Guardian Việt Nam.
155,8934065795514,Kem Đánh Răng Dove 100g,Personal Care,78000,47000.0,https://images.unsplash.com/photo-1540555700478-4be289fbecef?w=500&auto=format&fit=crop&q=60,Kem đánh răng giúp răng trắng sáng và hơi thở thơm mát. Hàng chính hãng phân phối tại Guardian Việt Nam.
156,8939520561000,Dầu Xả Phục Hồi Nivea 30g,Personal Care,197000,118000.0,https://images.unsplash.com/photo-1540555700478-4be289fbecef?w=500&auto=format&fit=crop&q=60,Dầu xả phục hồi tóc hư tổn từ sâu bên trong. Hàng chính hãng phân phối tại Guardian Việt Nam.
157,8939207115236,Kem Đánh Răng Colgate 50ml,Personal Care,124000,74000.0,https://images.unsplash.com/photo-1607006342411-9a90fb38ba796?w=500&auto=format&fit=crop&q=60,Kem đánh răng giúp răng trắng sáng và hơi thở thơm mát. Hàng chính hãng phân phối tại Guardian Việt Nam.
158,8930059377759,Miếng Dán Giảm Đau Panadol 200ml,Health & Wellness,72000,43000.0,https://images.unsplash.com/photo-1584017911766-d451b3d0e843?w=500&auto=format&fit=crop&q=60,Miếng dán giảm nhanh các cơn đau cơ và xương khớp. Hàng chính hãng phân phối tại Guardian Việt Nam.
159,8935324725051,Dầu Xả Phục Hồi Head & Shoulders 30 viên,Personal Care,229000,137000.0,https://images.unsplash.com/photo-1535585209827-a15fcdbc4c2d?w=500&auto=format&fit=crop&q=60,Dầu xả phục hồi tóc hư tổn từ sâu bên trong. Hàng chính hãng phân phối tại Guardian Việt Nam.
160,8931785221156,Nước Hoa Hồng Tonic Innisfree 120 viên,Skincare,408000,245000.0,https://images.unsplash.com/photo-1598440947619-2c35fc9aa908?w=500&auto=format&fit=crop&q=60,Nước cân bằng pH và làm sạch nhẹ nhàng sau khi rửa mặt. Hàng chính hãng phân phối tại Guardian Việt Nam.
161,8933532366189,Sữa Rửa Mặt Cosrx 100g,Skincare,264000,158000.0,https://images.unsplash.com/photo-1556228578-0d85b1a4d571?w=500&auto=format&fit=crop&q=60,Sữa rửa mặt tạo bọt mịn giúp làm sạch bụi bẩn và bã nhờn. Hàng chính hãng phân phối tại Guardian Việt Nam.
162,8934119556405,Kem Đánh Răng Sunsilk Hộp 3 cái,Personal Care,105000,63000.0,https://images.unsplash.com/photo-1607006342411-9a90fb38ba796?w=500&auto=format&fit=crop&q=60,Kem đánh răng giúp răng trắng sáng và hơi thở thơm mát. Hàng chính hãng phân phối tại Guardian Việt Nam.
163,8936045006351,Miếng Dán Giảm Đau Nature's Way 30g,Health & Wellness,61000,37000.0,https://images.unsplash.com/photo-1611926653458-09294b3142bf?w=500&auto=format&fit=crop&q=60,Miếng dán giảm nhanh các cơn đau cơ và xương khớp. Hàng chính hãng phân phối tại Guardian Việt Nam.
164,8939220300442,Kem Đánh Răng Nivea Hộp 10 cái,Personal Care,104000,62000.0,https://images.unsplash.com/photo-1540555700478-4be289fbecef?w=500&auto=format&fit=crop&q=60,Kem đánh răng giúp răng trắng sáng và hơi thở thơm mát. Hàng chính hãng phân phối tại Guardian Việt Nam.
165,8937523328293,Bao Cao Su Salonpas 150ml,Health & Wellness,111000,67000.0,https://images.unsplash.com/photo-1584017911766-d451b3d0e843?w=500&auto=format&fit=crop&q=60,Sản phẩm hỗ trợ tình dục an toàn và thăng hoa. Hàng chính hãng phân phối tại Guardian Việt Nam.
166,8931101878033,Kem Chống Nắng Bioderma 150ml,Skincare,515000,309000.0,https://images.unsplash.com/photo-1601049541289-9b1b7bbbfe19?w=500&auto=format&fit=crop&q=60,Kem chống nắng bảo vệ da tối ưu dưới ánh nắng mặt trời. Hàng chính hãng phân phối tại Guardian Việt Nam.
167,8939559636373,Viên Uống Dầu Cá Fish Oil Nature's Way 150ml,Health & Wellness,412000,247000.0,https://images.unsplash.com/photo-1471864190281-a93a3070b6de?w=500&auto=format&fit=crop&q=60,Bổ sung Omega-3 hỗ trợ sức khỏe tim mạch và trí não. Hàng chính hãng phân phối tại Guardian Việt Nam.
168,8930366602001,Kem Dưỡng Ẩm Eucerin 50ml,Skincare,156000,94000.0,https://images.unsplash.com/photo-1601049541289-9b1b7bbbfe19?w=500&auto=format&fit=crop&q=60,Kem dưỡng ẩm cung cấp độ ẩm cần thiết giúp da luôn mịn màng. Hàng chính hãng phân phối tại Guardian Việt Nam.
169,8936862959120,Bao Cao Su Salonpas Hộp 3 cái,Health & Wellness,135000,81000.0,https://images.unsplash.com/photo-1471864190281-a93a3070b6de?w=500&auto=format&fit=crop&q=60,Sản phẩm hỗ trợ tình dục an toàn và thăng hoa. Hàng chính hãng phân phối tại Guardian Việt Nam.
170,8939530564183,Viên Uống Dầu Cá Fish Oil Salonpas 60 viên,Health & Wellness,524000,314000.0,https://images.unsplash.com/photo-1611926653458-09294b3142bf?w=500&auto=format&fit=crop&q=60,Bổ sung Omega-3 hỗ trợ sức khỏe tim mạch và trí não. Hàng chính hãng phân phối tại Guardian Việt Nam.
171,8935585229428,Phấn Phủ Dạng Bột Lemonade 30 viên,Makeup,507000,304000.0,https://images.unsplash.com/photo-1512496015851-a90fb38ba796?w=500&auto=format&fit=crop&q=60,"Phấn phủ kiềm dầu hiệu quả, giữ lớp trang điểm lâu trôi. Hàng chính hãng phân phối tại Guardian Việt Nam."
172,8932999466456,Dầu Xả Phục Hồi Head & Shoulders 50g,Personal Care,104000,62000.0,https://images.unsplash.com/photo-1607006342411-9a90fb38ba796?w=500&auto=format&fit=crop&q=60,Dầu xả phục hồi tóc hư tổn từ sâu bên trong. Hàng chính hãng phân phối tại Guardian Việt Nam.
173,8933260119392,Viên Uống Sáng Da Collagen Blackmores 30g,Health & Wellness,484000,290000.0,https://images.unsplash.com/photo-1584017911766-d451b3d0e843?w=500&auto=format&fit=crop&q=60,Bổ sung collagen giúp chống lão hóa và săn chắc da. Hàng chính hãng phân phối tại Guardian Việt Nam.
174,8938802730424,Nước Tẩy Trang La Roche-Posay 120 viên,Skincare,0,0.0,https://images.unsplash.com/photo-1598440947619-2c35fc9aa908?w=500&auto=format&fit=crop&q=60,"Nước tẩy trang làm sạch sâu, dịu nhẹ cho mọi loại da. Hàng chính hãng phân phối tại Guardian Việt Nam."
175,8931097941223,Nước Súc Miệng Head & Shoulders 120 viên,Personal Care,148000,89000.0,https://images.unsplash.com/photo-1616683693504-3ea7e9ad6fec?w=500&auto=format&fit=crop&q=60,"Nước súc miệng diệt khuẩn, bảo vệ nướu vượt trội. Hàng chính hãng phân phối tại Guardian Việt Nam."
176,8934422521602,Nước Tẩy Trang Bioderma Hộp 10 cái,Skincare,0,0.0,https://images.unsplash.com/photo-1601049541289-9b1b7bbbfe19?w=500&auto=format&fit=crop&q=60,"Nước tẩy trang làm sạch sâu, dịu nhẹ cho mọi loại da. Hàng chính hãng phân phối tại Guardian Việt Nam."
177,8937205503307,Kem Nền Liquid Foundation 3CE 200ml,Makeup,232000,139000.0,https://images.unsplash.com/photo-1522335789203-aabd1fc54bc9?w=500&auto=format&fit=crop&q=60,"Kem nền che khuyết điểm hoàn hảo, mỏng nhẹ tự nhiên. Hàng chính hãng phân phối tại Guardian Việt Nam."
178,8938581745275,Kem Nền Liquid Foundation Estee Lauder 50ml,Makeup,319000,191000.0,https://images.unsplash.com/photo-1512496015851-a90fb38ba796?w=500&auto=format&fit=crop&q=60,"Kem nền che khuyết điểm hoàn hảo, mỏng nhẹ tự nhiên. Hàng chính hãng phân phối tại Guardian Việt Nam."
179,8936224197689,Bao Cao Su Salonpas Hộp 3 cái,Health & Wellness,166000,100000.0,https://images.unsplash.com/photo-1550572017-edd951b55104?w=500&auto=format&fit=crop&q=60,Sản phẩm hỗ trợ tình dục an toàn và thăng hoa. Hàng chính hãng phân phối tại Guardian Việt Nam.
180,8934003471319,Kem Chống Nắng Vichy Hộp 10 cái,Skincare,543000,326000.0,https://images.unsplash.com/photo-1598440947619-2c35fc9aa908?w=500&auto=format&fit=crop&q=60,Kem chống nắng bảo vệ da tối ưu dưới ánh nắng mặt trời. Hàng chính hãng phân phối tại Guardian Việt Nam.
181,8931501642616,Lăn Khử Mùi TRESemme 150ml,Personal Care,41000,25000.0,https://images.unsplash.com/photo-1540555700478-4be289fbecef?w=500&auto=format&fit=crop&q=60,Lăn khử mùi giữ vùng dưới cánh tay khô thoáng suốt 48h. Hàng chính hãng phân phối tại Guardian Việt Nam.
182,8930317543803,Phấn Má Hồng Blush Focallure Hộp 3 cái,Makeup,217000,130000.0,https://images.unsplash.com/photo-1625093742435-6fa192b6fb10?w=500&auto=format&fit=crop&q=60,Phấn má hồng mang lại đôi má ửng hồng tự nhiên. Hàng chính hãng phân phối tại Guardian Việt Nam.
183,8935769171628,Kem Chống Nắng Vichy 100g,Skincare,180000,108000.0,https://images.unsplash.com/photo-1601049541289-9b1b7bbbfe19?w=500&auto=format&fit=crop&q=60,Kem chống nắng bảo vệ da tối ưu dưới ánh nắng mặt trời. Hàng chính hãng phân phối tại Guardian Việt Nam.
184,8934995070880,Nước Súc Miệng Head & Shoulders 100g,Personal Care,107000,64000.0,https://images.unsplash.com/photo-1616683693504-3ea7e9ad6fec?w=500&auto=format&fit=crop&q=60,"Nước súc miệng diệt khuẩn, bảo vệ nướu vượt trội. Hàng chính hãng phân phối tại Guardian Việt Nam."
185,8932647528642,Lăn Khử Mùi Head & Shoulders 50g,Personal Care,90000,54000.0,https://images.unsplash.com/photo-1607006342411-9a90fb38ba796?w=500&auto=format&fit=crop&q=60,Lăn khử mùi giữ vùng dưới cánh tay khô thoáng suốt 48h. Hàng chính hãng phân phối tại Guardian Việt Nam.
186,8932822250184,Nước Súc Miệng Sunsilk 50g,Personal Care,74000,44000.0,https://images.unsplash.com/photo-1616683693504-3ea7e9ad6fec?w=500&auto=format&fit=crop&q=60,"Nước súc miệng diệt khuẩn, bảo vệ nướu vượt trội. Hàng chính hãng phân phối tại Guardian Việt Nam."
187,8934231654416,Dầu Gội Mượt Tóc TRESemme 50g,Personal Care,276000,166000.0,https://images.unsplash.com/photo-1535585209827-a15fcdbc4c2d?w=500&auto=format&fit=crop&q=60,"Dầu gội sạch gàu, nuôi dưỡng tóc mềm mượt tự nhiên. Hàng chính hãng phân phối tại Guardian Việt Nam."
188,8935646726361,Serum Dưỡng Chất Innisfree 120 viên,Skincare,880000,528000.0,https://images.unsplash.com/photo-1556228578-0d85b1a4d571?w=500&auto=format&fit=crop&q=60,Tinh chất dưỡng da chuyên sâu giúp cải thiện các vấn đề về da. Hàng chính hãng phân phối tại Guardian Việt Nam.
189,8932718265339,Kem Dưỡng Ẩm CeraVe 30 viên,Skincare,636000,382000.0,https://images.unsplash.com/photo-1556228578-0d85b1a4d571?w=500&auto=format&fit=crop&q=60,Kem dưỡng ẩm cung cấp độ ẩm cần thiết giúp da luôn mịn màng. Hàng chính hãng phân phối tại Guardian Việt Nam.
190,8930691961279,Serum Dưỡng Chất Vichy 30 viên,Skincare,726000,436000.0,https://images.unsplash.com/photo-1598440947619-2c35fc9aa908?w=500&auto=format&fit=crop&q=60,Tinh chất dưỡng da chuyên sâu giúp cải thiện các vấn đề về da. Hàng chính hãng phân phối tại Guardian Việt Nam.
191,8930429862267,Viên Uống Vitamin C Kirkland Signature Hộp 3 cái,Health & Wellness,446000,268000.0,https://images.unsplash.com/photo-1611926653458-09294b3142bf?w=500&auto=format&fit=crop&q=60,Tăng cường hệ miễn dịch và dưỡng sáng da từ bên trong. Hàng chính hãng phân phối tại Guardian Việt Nam.
192,8933079661860,Nước Hoa Hồng Tonic Some By Mi 30g,Skincare,420000,252000.0,https://images.unsplash.com/photo-1601049541289-9b1b7bbbfe19?w=500&auto=format&fit=crop&q=60,Nước cân bằng pH và làm sạch nhẹ nhàng sau khi rửa mặt. Hàng chính hãng phân phối tại Guardian Việt Nam.
193,8939304541846,Sữa Rửa Mặt La Roche-Posay 50ml,Skincare,90000,54000.0,https://images.unsplash.com/photo-1608248597481-496100c8c836?w=500&auto=format&fit=crop&q=60,Sữa rửa mặt tạo bọt mịn giúp làm sạch bụi bẩn và bã nhờn. Hàng chính hãng phân phối tại Guardian Việt Nam.
194,8937662623594,Phấn Phủ Dạng Bột Lemonade 50g,Makeup,347000,208000.0,https://images.unsplash.com/photo-1522335789203-aabd1fc54bc9?w=500&auto=format&fit=crop&q=60,"Phấn phủ kiềm dầu hiệu quả, giữ lớp trang điểm lâu trôi. Hàng chính hãng phân phối tại Guardian Việt Nam."
195,8930566036163,Kem Dưỡng Ẩm Some By Mi 100g,Skincare,296000,178000.0,https://images.unsplash.com/photo-1601049541289-9b1b7bbbfe19?w=500&auto=format&fit=crop&q=60,Kem dưỡng ẩm cung cấp độ ẩm cần thiết giúp da luôn mịn màng. Hàng chính hãng phân phối tại Guardian Việt Nam.
196,8936440282534,Kem Nền Liquid Foundation Black Rouge 60 viên,Makeup,600000,360000.0,https://images.unsplash.com/photo-1596462502278-27bfdc403348?w=500&auto=format&fit=crop&q=60,"Kem nền che khuyết điểm hoàn hảo, mỏng nhẹ tự nhiên. Hàng chính hãng phân phối tại Guardian Việt Nam."
197,8936758267629,Phấn Phủ Dạng Bột Focallure 50ml,Makeup,345000,207000.0,https://images.unsplash.com/photo-1522335789203-aabd1fc54bc9?w=500&auto=format&fit=crop&q=60,"Phấn phủ kiềm dầu hiệu quả, giữ lớp trang điểm lâu trôi. Hàng chính hãng phân phối tại Guardian Việt Nam."
198,8936383097233,Bao Cao Su Optimum Nutrition 60 viên,Health & Wellness,154000,92000.0,https://images.unsplash.com/photo-1584017911766-d451b3d0e843?w=500&auto=format&fit=crop&q=60,Sản phẩm hỗ trợ tình dục an toàn và thăng hoa. Hàng chính hãng phân phối tại Guardian Việt Nam.
199,8936948045075,Dầu Xả Phục Hồi Sunsilk 30g,Personal Care,144000,86000.0,https://images.unsplash.com/photo-1616683693504-3ea7e9ad6fec?w=500&auto=format&fit=crop&q=60,Dầu xả phục hồi tóc hư tổn từ sâu bên trong. Hàng chính hãng phân phối tại Guardian Việt Nam.
200,8937237179891,Viên Uống Vitamin C Kirkland Signature 150ml,Health & Wellness,164000,98000.0,https://images.unsplash.com/photo-1611926653458-09294b3142bf?w=500&auto=format&fit=crop&q=60,Tăng cường hệ miễn dịch và dưỡng sáng da từ bên trong. Hàng chính hãng phân phối tại Guardian Việt Nam.
